Program,Year,Period,Week Ending,Geo Level,State,State ANSI,Ag District,Ag District Code,County,County ANSI,Zip Code,Region,watershed_code,Watershed,Commodity,Data Item,Domain,Domain Category,Value,CV (%)
SURVEY,2025,YEAR,,STATE,WISCONSIN,55,,,,,,,00000000,,CORN,"CORN, GRAIN - ACRES HARVESTED",TOTAL,NOT SPECIFIED,"3,170,000",
SURVEY,2025,YEAR,,STATE,WISCONSIN,55,,,,,,,00000000,,SOYBEANS,SOYBEANS - ACRES HARVESTED,TOTAL,NOT SPECIFIED,"1,970,000",
SURVEY,2025,YEAR - AUG FORECAST,,STATE,WISCONSIN,55,,,,,,,00000000,,CORN,"CORN, GRAIN - ACRES HARVESTED",TOTAL,NOT SPECIFIED,"3,130,000",
SURVEY,2025,YEAR - AUG FORECAST,,STATE,WISCONSIN,55,,,,,,,00000000,,SOYBEANS,SOYBEANS - ACRES HARVESTED,TOTAL,NOT SPECIFIED,"1,970,000",
SURVEY,2025,YEAR - JUN ACREAGE,,STATE,WISCONSIN,55,,,,,,,00000000,,CORN,"CORN, GRAIN - ACRES HARVESTED",TOTAL,NOT SPECIFIED,"2,980,000",
SURVEY,2025,YEAR - JUN ACREAGE,,STATE,WISCONSIN,55,,,,,,,00000000,,SOYBEANS,SOYBEANS - ACRES HARVESTED,TOTAL,NOT SPECIFIED,"2,020,000",
SURVEY,2025,YEAR - SEP FORECAST,,STATE,WISCONSIN,55,,,,,,,00000000,,CORN,"CORN, GRAIN - ACRES HARVESTED",TOTAL,NOT SPECIFIED,"3,170,000",
SURVEY,2025,YEAR - SEP FORECAST,,STATE,WISCONSIN,55,,,,,,,00000000,,SOYBEANS,SOYBEANS - ACRES HARVESTED,TOTAL,NOT SPECIFIED,"1,970,000",
SURVEY,2024,YEAR,,STATE,WISCONSIN,55,,,,,,,00000000,,CORN,"CORN, GRAIN - ACRES HARVESTED",TOTAL,NOT SPECIFIED,"2,960,000",
SURVEY,2024,YEAR,,STATE,WISCONSIN,55,,,,,,,00000000,,CORN,"CORN, SILAGE - ACRES HARVESTED",TOTAL,NOT SPECIFIED,"730,000",
SURVEY,2024,YEAR,,STATE,WISCONSIN,55,,,,,,,00000000,,SOYBEANS,SOYBEANS - ACRES HARVESTED,TOTAL,NOT SPECIFIED,"2,120,000",
SURVEY,2024,YEAR - AUG FORECAST,,STATE,WISCONSIN,55,,,,,,,00000000,,CORN,"CORN, GRAIN - ACRES HARVESTED",TOTAL,NOT SPECIFIED,"2,940,000",
SURVEY,2024,YEAR - AUG FORECAST,,STATE,WISCONSIN,55,,,,,,,00000000,,SOYBEANS,SOYBEANS - ACRES HARVESTED,TOTAL,NOT SPECIFIED,"2,120,000",
SURVEY,2024,YEAR - JUN ACREAGE,,STATE,WISCONSIN,55,,,,,,,00000000,,CORN,"CORN, GRAIN - ACRES HARVESTED",TOTAL,NOT SPECIFIED,"2,900,000",
SURVEY,2024,YEAR - JUN ACREAGE,,STATE,WISCONSIN,55,,,,,,,00000000,,SOYBEANS,SOYBEANS - ACRES HARVESTED,TOTAL,NOT SPECIFIED,"2,120,000",
SURVEY,2024,YEAR - NOV FORECAST,,STATE,WISCONSIN,55,,,,,,,00000000,,CORN,"CORN, GRAIN - ACRES HARVESTED",TOTAL,NOT SPECIFIED,"2,940,000",
SURVEY,2024,YEAR - NOV FORECAST,,STATE,WISCONSIN,55,,,,,,,00000000,,SOYBEANS,SOYBEANS - ACRES HARVESTED,TOTAL,NOT SPECIFIED,"2,120,000",
SURVEY,2024,YEAR - OCT FORECAST,,STATE,WISCONSIN,55,,,,,,,00000000,,CORN,"CORN, GRAIN - ACRES HARVESTED",TOTAL,NOT SPECIFIED,"2,940,000",
SURVEY,2024,YEAR - OCT FORECAST,,STATE,WISCONSIN,55,,,,,,,00000000,,SOYBEANS,SOYBEANS - ACRES HARVESTED,TOTAL,NOT SPECIFIED,"2,120,000",
SURVEY,2024,YEAR - SEP FORECAST,,STATE,WISCONSIN,55,,,,,,,00000000,,CORN,"CORN, GRAIN - ACRES HARVESTED",TOTAL,NOT SPECIFIED,"2,940,000",
SURVEY,2024,YEAR - SEP FORECAST,,STATE,WISCONSIN,55,,,,,,,00000000,,SOYBEANS,SOYBEANS - ACRES HARVESTED,TOTAL,NOT SPECIFIED,"2,120,000",
SURVEY,2023,YEAR,,STATE,WISCONSIN,55,,,,,,,00000000,,CORN,"CORN, GRAIN - ACRES HARVESTED",TOTAL,NOT SPECIFIED,"3,140,000",
SURVEY,2023,YEAR,,STATE,WISCONSIN,55,,,,,,,00000000,,CORN,"CORN, SILAGE - ACRES HARVESTED",TOTAL,NOT SPECIFIED,"780,000",
SURVEY,2023,YEAR,,STATE,WISCONSIN,55,,,,,,,00000000,,SOYBEANS,SOYBEANS - ACRES HARVESTED,TOTAL,NOT SPECIFIED,"2,060,000",
SURVEY,2023,YEAR - AUG FORECAST,,STATE,WISCONSIN,55,,,,,,,00000000,,CORN,"CORN, GRAIN - ACRES HARVESTED",TOTAL,NOT SPECIFIED,"3,100,000",
SURVEY,2023,YEAR - AUG FORECAST,,STATE,WISCONSIN,55,,,,,,,00000000,,SOYBEANS,SOYBEANS - ACRES HARVESTED,TOTAL,NOT SPECIFIED,"2,070,000",
SURVEY,2023,YEAR - JUN ACREAGE,,STATE,WISCONSIN,55,,,,,,,00000000,,CORN,"CORN, GRAIN - ACRES HARVESTED",TOTAL,NOT SPECIFIED,"3,100,000",
SURVEY,2023,YEAR - JUN ACREAGE,,STATE,WISCONSIN,55,,,,,,,00000000,,SOYBEANS,SOYBEANS - ACRES HARVESTED,TOTAL,NOT SPECIFIED,"2,070,000",
SURVEY,2023,YEAR - NOV FORECAST,,STATE,WISCONSIN,55,,,,,,,00000000,,CORN,"CORN, GRAIN - ACRES HARVESTED",TOTAL,NOT SPECIFIED,"3,100,000",
SURVEY,2023,YEAR - NOV FORECAST,,STATE,WISCONSIN,55,,,,,,,00000000,,SOYBEANS,SOYBEANS - ACRES HARVESTED,TOTAL,NOT SPECIFIED,"2,070,000",
SURVEY,2023,YEAR - OCT FORECAST,,STATE,WISCONSIN,55,,,,,,,00000000,,CORN,"CORN, GRAIN - ACRES HARVESTED",TOTAL,NOT SPECIFIED,"3,100,000",
SURVEY,2023,YEAR - OCT FORECAST,,STATE,WISCONSIN,55,,,,,,,00000000,,SOYBEANS,SOYBEANS - ACRES HARVESTED,TOTAL,NOT SPECIFIED,"2,070,000",
SURVEY,2023,YEAR - SEP FORECAST,,STATE,WISCONSIN,55,,,,,,,00000000,,CORN,"CORN, GRAIN - ACRES HARVESTED",TOTAL,NOT SPECIFIED,"3,100,000",
SURVEY,2023,YEAR - SEP FORECAST,,STATE,WISCONSIN,55,,,,,,,00000000,,SOYBEANS,SOYBEANS - ACRES HARVESTED,TOTAL,NOT SPECIFIED,"2,070,000",
SURVEY,2022,YEAR,,STATE,WISCONSIN,55,,,,,,,00000000,,CORN,"CORN, GRAIN - ACRES HARVESTED",TOTAL,NOT SPECIFIED,"2,990,000",
SURVEY,2022,YEAR,,STATE,WISCONSIN,55,,,,,,,00000000,,CORN,"CORN, SILAGE - ACRES HARVESTED",TOTAL,NOT SPECIFIED,"870,000",
SURVEY,2022,YEAR,,STATE,WISCONSIN,55,,,,,,,00000000,,SOYBEANS,SOYBEANS - ACRES HARVESTED,TOTAL,NOT SPECIFIED,"2,150,000",
SURVEY,2022,YEAR - AUG FORECAST,,STATE,WISCONSIN,55,,,,,,,00000000,,CORN,"CORN, GRAIN - ACRES HARVESTED",TOTAL,NOT SPECIFIED,"3,000,000",
SURVEY,2022,YEAR - AUG FORECAST,,STATE,WISCONSIN,55,,,,,,,00000000,,SOYBEANS,SOYBEANS - ACRES HARVESTED,TOTAL,NOT SPECIFIED,"2,220,000",
SURVEY,2022,YEAR - JUN ACREAGE,,STATE,WISCONSIN,55,,,,,,,00000000,,CORN,"CORN, GRAIN - ACRES HARVESTED",TOTAL,NOT SPECIFIED,"3,000,000",
SURVEY,2022,YEAR - JUN ACREAGE,,STATE,WISCONSIN,55,,,,,,,00000000,,SOYBEANS,SOYBEANS - ACRES HARVESTED,TOTAL,NOT SPECIFIED,"2,220,000",
SURVEY,2022,YEAR - NOV FORECAST,,STATE,WISCONSIN,55,,,,,,,00000000,,CORN,"CORN, GRAIN - ACRES HARVESTED",TOTAL,NOT SPECIFIED,"2,950,000",
SURVEY,2022,YEAR - NOV FORECAST,,STATE,WISCONSIN,55,,,,,,,00000000,,SOYBEANS,SOYBEANS - ACRES HARVESTED,TOTAL,NOT SPECIFIED,"2,130,000",
SURVEY,2022,YEAR - OCT FORECAST,,STATE,WISCONSIN,55,,,,,,,00000000,,CORN,"CORN, GRAIN - ACRES HARVESTED",TOTAL,NOT SPECIFIED,"2,950,000",
SURVEY,2022,YEAR - OCT FORECAST,,STATE,WISCONSIN,55,,,,,,,00000000,,SOYBEANS,SOYBEANS - ACRES HARVESTED,TOTAL,NOT SPECIFIED,"2,130,000",
SURVEY,2022,YEAR - SEP FORECAST,,STATE,WISCONSIN,55,,,,,,,00000000,,CORN,"CORN, GRAIN - ACRES HARVESTED",TOTAL,NOT SPECIFIED,"2,950,000",
SURVEY,2022,YEAR - SEP FORECAST,,STATE,WISCONSIN,55,,,,,,,00000000,,SOYBEANS,SOYBEANS - ACRES HARVESTED,TOTAL,NOT SPECIFIED,"2,130,000",
SURVEY,2021,YEAR,,STATE,WISCONSIN,55,,,,,,,00000000,,CORN,"CORN, GRAIN - ACRES HARVESTED",TOTAL,NOT SPECIFIED,"3,000,000",
SURVEY,2021,YEAR,,STATE,WISCONSIN,55,,,,,,,00000000,,CORN,"CORN, SILAGE - ACRES HARVESTED",TOTAL,NOT SPECIFIED,"880,000",
SURVEY,2021,YEAR,,STATE,WISCONSIN,55,,,,,,,00000000,,SOYBEANS,SOYBEANS - ACRES HARVESTED,TOTAL,NOT SPECIFIED,"2,070,000",
SURVEY,2021,YEAR - AUG FORECAST,,STATE,WISCONSIN,55,,,,,,,00000000,,CORN,"CORN, GRAIN - ACRES HARVESTED",TOTAL,NOT SPECIFIED,"2,900,000",
SURVEY,2021,YEAR - AUG FORECAST,,STATE,WISCONSIN,55,,,,,,,00000000,,SOYBEANS,SOYBEANS - ACRES HARVESTED,TOTAL,NOT SPECIFIED,"2,170,000",
SURVEY,2021,YEAR - JUN ACREAGE,,STATE,WISCONSIN,55,,,,,,,00000000,,CORN,"CORN, GRAIN - ACRES HARVESTED",TOTAL,NOT SPECIFIED,"2,900,000",
SURVEY,2021,YEAR - JUN ACREAGE,,STATE,WISCONSIN,55,,,,,,,00000000,,SOYBEANS,SOYBEANS - ACRES HARVESTED,TOTAL,NOT SPECIFIED,"2,170,000",
SURVEY,2021,YEAR - NOV FORECAST,,STATE,WISCONSIN,55,,,,,,,00000000,,CORN,"CORN, GRAIN - ACRES HARVESTED",TOTAL,NOT SPECIFIED,"2,940,000",
SURVEY,2021,YEAR - NOV FORECAST,,STATE,WISCONSIN,55,,,,,,,00000000,,SOYBEANS,SOYBEANS - ACRES HARVESTED,TOTAL,NOT SPECIFIED,"2,070,000",
SURVEY,2021,YEAR - OCT FORECAST,,STATE,WISCONSIN,55,,,,,,,00000000,,CORN,"CORN, GRAIN - ACRES HARVESTED",TOTAL,NOT SPECIFIED,"2,940,000",
SURVEY,2021,YEAR - OCT FORECAST,,STATE,WISCONSIN,55,,,,,,,00000000,,SOYBEANS,SOYBEANS - ACRES HARVESTED,TOTAL,NOT SPECIFIED,"2,070,000",
SURVEY,2021,YEAR - SEP FORECAST,,STATE,WISCONSIN,55,,,,,,,00000000,,CORN,"CORN, GRAIN - ACRES HARVESTED",TOTAL,NOT SPECIFIED,"2,940,000",
SURVEY,2021,YEAR - SEP FORECAST,,STATE,WISCONSIN,55,,,,,,,00000000,,SOYBEANS,SOYBEANS - ACRES HARVESTED,TOTAL,NOT SPECIFIED,"2,070,000",
SURVEY,2020,YEAR,,STATE,WISCONSIN,55,,,,,,,00000000,,CORN,"CORN, GRAIN - ACRES HARVESTED",TOTAL,NOT SPECIFIED,"2,930,000",
SURVEY,2020,YEAR,,STATE,WISCONSIN,55,,,,,,,00000000,,CORN,"CORN, SILAGE - ACRES HARVESTED",TOTAL,NOT SPECIFIED,"960,000",
SURVEY,2020,YEAR,,STATE,WISCONSIN,55,,,,,,,00000000,,SOYBEANS,SOYBEANS - ACRES HARVESTED,TOTAL,NOT SPECIFIED,"1,990,000",
SURVEY,2020,YEAR - AUG FORECAST,,STATE,WISCONSIN,55,,,,,,,00000000,,CORN,"CORN, GRAIN - ACRES HARVESTED",TOTAL,NOT SPECIFIED,"2,900,000",
SURVEY,2020,YEAR - AUG FORECAST,,STATE,WISCONSIN,55,,,,,,,00000000,,SOYBEANS,SOYBEANS - ACRES HARVESTED,TOTAL,NOT SPECIFIED,"2,030,000",
SURVEY,2020,YEAR - JUN ACREAGE,,STATE,WISCONSIN,55,,,,,,,00000000,,CORN,"CORN, GRAIN - ACRES HARVESTED",TOTAL,NOT SPECIFIED,"2,900,000",
SURVEY,2020,YEAR - JUN ACREAGE,,STATE,WISCONSIN,55,,,,,,,00000000,,SOYBEANS,SOYBEANS - ACRES HARVESTED,TOTAL,NOT SPECIFIED,"2,030,000",
SURVEY,2020,YEAR - NOV FORECAST,,STATE,WISCONSIN,55,,,,,,,00000000,,CORN,"CORN, GRAIN - ACRES HARVESTED",TOTAL,NOT SPECIFIED,"2,900,000",
SURVEY,2020,YEAR - NOV FORECAST,,STATE,WISCONSIN,55,,,,,,,00000000,,SOYBEANS,SOYBEANS - ACRES HARVESTED,TOTAL,NOT SPECIFIED,"1,980,000",
SURVEY,2020,YEAR - OCT FORECAST,,STATE,WISCONSIN,55,,,,,,,00000000,,CORN,"CORN, GRAIN - ACRES HARVESTED",TOTAL,NOT SPECIFIED,"2,900,000",
SURVEY,2020,YEAR - OCT FORECAST,,STATE,WISCONSIN,55,,,,,,,00000000,,SOYBEANS,SOYBEANS - ACRES HARVESTED,TOTAL,NOT SPECIFIED,"1,980,000",
SURVEY,2020,YEAR - SEP FORECAST,,STATE,WISCONSIN,55,,,,,,,00000000,,CORN,"CORN, GRAIN - ACRES HARVESTED",TOTAL,NOT SPECIFIED,"2,900,000",
SURVEY,2020,YEAR - SEP FORECAST,,STATE,WISCONSIN,55,,,,,,,00000000,,SOYBEANS,SOYBEANS - ACRES HARVESTED,TOTAL,NOT SPECIFIED,"2,030,000",
SURVEY,2019,YEAR,,STATE,WISCONSIN,55,,,,,,,00000000,,CORN,"CORN, GRAIN - ACRES HARVESTED",TOTAL,NOT SPECIFIED,"2,670,000",
SURVEY,2019,YEAR,,STATE,WISCONSIN,55,,,,,,,00000000,,CORN,"CORN, SILAGE - ACRES HARVESTED",TOTAL,NOT SPECIFIED,"1,040,000",
SURVEY,2019,YEAR,,STATE,WISCONSIN,55,,,,,,,00000000,,SOYBEANS,SOYBEANS - ACRES HARVESTED,TOTAL,NOT SPECIFIED,"1,690,000",
SURVEY,2019,YEAR - AUG FORECAST,,STATE,WISCONSIN,55,,,,,,,00000000,,CORN,"CORN, GRAIN - ACRES HARVESTED",TOTAL,NOT SPECIFIED,"2,840,000",
SURVEY,2019,YEAR - AUG FORECAST,,STATE,WISCONSIN,55,,,,,,,00000000,,SOYBEANS,SOYBEANS - ACRES HARVESTED,TOTAL,NOT SPECIFIED,"1,780,000",
SURVEY,2019,YEAR - JUN ACREAGE,,STATE,WISCONSIN,55,,,,,,,00000000,,CORN,"CORN, GRAIN - ACRES HARVESTED",TOTAL,NOT SPECIFIED,"2,800,000",
SURVEY,2019,YEAR - JUN ACREAGE,,STATE,WISCONSIN,55,,,,,,,00000000,,SOYBEANS,SOYBEANS - ACRES HARVESTED,TOTAL,NOT SPECIFIED,"2,030,000",
SURVEY,2019,YEAR - NOV FORECAST,,STATE,WISCONSIN,55,,,,,,,00000000,,CORN,"CORN, GRAIN - ACRES HARVESTED",TOTAL,NOT SPECIFIED,"2,840,000",
SURVEY,2019,YEAR - NOV FORECAST,,STATE,WISCONSIN,55,,,,,,,00000000,,SOYBEANS,SOYBEANS - ACRES HARVESTED,TOTAL,NOT SPECIFIED,"1,730,000",
SURVEY,2019,YEAR - OCT FORECAST,,STATE,WISCONSIN,55,,,,,,,00000000,,CORN,"CORN, GRAIN - ACRES HARVESTED",TOTAL,NOT SPECIFIED,"2,840,000",
SURVEY,2019,YEAR - OCT FORECAST,,STATE,WISCONSIN,55,,,,,,,00000000,,SOYBEANS,SOYBEANS - ACRES HARVESTED,TOTAL,NOT SPECIFIED,"1,730,000",
SURVEY,2019,YEAR - SEP FORECAST,,STATE,WISCONSIN,55,,,,,,,00000000,,CORN,"CORN, GRAIN - ACRES HARVESTED",TOTAL,NOT SPECIFIED,"2,840,000",
SURVEY,2019,YEAR - SEP FORECAST,,STATE,WISCONSIN,55,,,,,,,00000000,,SOYBEANS,SOYBEANS - ACRES HARVESTED,TOTAL,NOT SPECIFIED,"1,780,000",
SURVEY,2018,YEAR,,STATE,WISCONSIN,55,,,,,,,00000000,,CORN,"CORN, GRAIN - ACRES HARVESTED",TOTAL,NOT SPECIFIED,"3,170,000",
SURVEY,2018,YEAR,,STATE,WISCONSIN,55,,,,,,,00000000,,CORN,"CORN, SILAGE - ACRES HARVESTED",TOTAL,NOT SPECIFIED,"670,000",
SURVEY,2018,YEAR,,STATE,WISCONSIN,55,,,,,,,00000000,,SOYBEANS,SOYBEANS - ACRES HARVESTED,TOTAL,NOT SPECIFIED,"2,180,000",
SURVEY,2018,YEAR - AUG FORECAST,,STATE,WISCONSIN,55,,,,,,,00000000,,CORN,"CORN, GRAIN - ACRES HARVESTED",TOTAL,NOT SPECIFIED,"3,000,000",
SURVEY,2018,YEAR - AUG FORECAST,,STATE,WISCONSIN,55,,,,,,,00000000,,SOYBEANS,SOYBEANS - ACRES HARVESTED,TOTAL,NOT SPECIFIED,"2,290,000",
SURVEY,2018,YEAR - JUN ACREAGE,,STATE,WISCONSIN,55,,,,,,,00000000,,CORN,"CORN, GRAIN - ACRES HARVESTED",TOTAL,NOT SPECIFIED,"3,000,000",
SURVEY,2018,YEAR - JUN ACREAGE,,STATE,WISCONSIN,55,,,,,,,00000000,,SOYBEANS,SOYBEANS - ACRES HARVESTED,TOTAL,NOT SPECIFIED,"2,290,000",
SURVEY,2018,YEAR - NOV FORECAST,,STATE,WISCONSIN,55,,,,,,,00000000,,CORN,"CORN, GRAIN - ACRES HARVESTED",TOTAL,NOT SPECIFIED,"3,000,000",
SURVEY,2018,YEAR - NOV FORECAST,,STATE,WISCONSIN,55,,,,,,,00000000,,SOYBEANS,SOYBEANS - ACRES HARVESTED,TOTAL,NOT SPECIFIED,"2,190,000",
SURVEY,2018,YEAR - OCT FORECAST,,STATE,WISCONSIN,55,,,,,,,00000000,,CORN,"CORN, GRAIN - ACRES HARVESTED",TOTAL,NOT SPECIFIED,"3,000,000",
SURVEY,2018,YEAR - OCT FORECAST,,STATE,WISCONSIN,55,,,,,,,00000000,,SOYBEANS,SOYBEANS - ACRES HARVESTED,TOTAL,NOT SPECIFIED,"2,190,000",
SURVEY,2018,YEAR - SEP FORECAST,,STATE,WISCONSIN,55,,,,,,,00000000,,CORN,"CORN, GRAIN - ACRES HARVESTED",TOTAL,NOT SPECIFIED,"3,000,000",
SURVEY,2018,YEAR - SEP FORECAST,,STATE,WISCONSIN,55,,,,,,,00000000,,SOYBEANS,SOYBEANS - ACRES HARVESTED,TOTAL,NOT SPECIFIED,"2,290,000",
SURVEY,2017,YEAR,,STATE,WISCONSIN,55,,,,,,,00000000,,CORN,"CORN, GRAIN - ACRES HARVESTED",TOTAL,NOT SPECIFIED,"2,930,000",
SURVEY,2017,YEAR,,STATE,WISCONSIN,55,,,,,,,00000000,,CORN,"CORN, SILAGE - ACRES HARVESTED",TOTAL,NOT SPECIFIED,"880,000",
SURVEY,2017,YEAR,,STATE,WISCONSIN,55,,,,,,,00000000,,SOYBEANS,SOYBEANS - ACRES HARVESTED,TOTAL,NOT SPECIFIED,"2,140,000",
SURVEY,2017,YEAR - AUG FORECAST,,STATE,WISCONSIN,55,,,,,,,00000000,,CORN,"CORN, GRAIN - ACRES HARVESTED",TOTAL,NOT SPECIFIED,"3,050,000",
SURVEY,2017,YEAR - AUG FORECAST,,STATE,WISCONSIN,55,,,,,,,00000000,,SOYBEANS,SOYBEANS - ACRES HARVESTED,TOTAL,NOT SPECIFIED,"2,140,000",
SURVEY,2017,YEAR - JUN ACREAGE,,STATE,WISCONSIN,55,,,,,,,00000000,,CORN,"CORN, GRAIN - ACRES HARVESTED",TOTAL,NOT SPECIFIED,"3,050,000",
SURVEY,2017,YEAR - JUN ACREAGE,,STATE,WISCONSIN,55,,,,,,,00000000,,SOYBEANS,SOYBEANS - ACRES HARVESTED,TOTAL,NOT SPECIFIED,"2,140,000",
SURVEY,2017,YEAR - NOV FORECAST,,STATE,WISCONSIN,55,,,,,,,00000000,,CORN,"CORN, GRAIN - ACRES HARVESTED",TOTAL,NOT SPECIFIED,"2,950,000",
SURVEY,2017,YEAR - NOV FORECAST,,STATE,WISCONSIN,55,,,,,,,00000000,,SOYBEANS,SOYBEANS - ACRES HARVESTED,TOTAL,NOT SPECIFIED,"2,140,000",
SURVEY,2017,YEAR - OCT FORECAST,,STATE,WISCONSIN,55,,,,,,,00000000,,CORN,"CORN, GRAIN - ACRES HARVESTED",TOTAL,NOT SPECIFIED,"2,950,000",
SURVEY,2017,YEAR - OCT FORECAST,,STATE,WISCONSIN,55,,,,,,,00000000,,SOYBEANS,SOYBEANS - ACRES HARVESTED,TOTAL,NOT SPECIFIED,"2,140,000",
SURVEY,2017,YEAR - SEP FORECAST,,STATE,WISCONSIN,55,,,,,,,00000000,,CORN,"CORN, GRAIN - ACRES HARVESTED",TOTAL,NOT SPECIFIED,"3,050,000",
SURVEY,2017,YEAR - SEP FORECAST,,STATE,WISCONSIN,55,,,,,,,00000000,,SOYBEANS,SOYBEANS - ACRES HARVESTED,TOTAL,NOT SPECIFIED,"2,140,000",
SURVEY,2016,YEAR,,STATE,WISCONSIN,55,,,,,,,00000000,,CORN,"CORN, GRAIN - ACRES HARVESTED",TOTAL,NOT SPECIFIED,"3,220,000",
SURVEY,2016,YEAR,,STATE,WISCONSIN,55,,,,,,,00000000,,CORN,"CORN, SILAGE - ACRES HARVESTED",TOTAL,NOT SPECIFIED,"790,000",
SURVEY,2016,YEAR,,STATE,WISCONSIN,55,,,,,,,00000000,,SOYBEANS,SOYBEANS - ACRES HARVESTED,TOTAL,NOT SPECIFIED,"1,950,000",
SURVEY,2016,YEAR - AUG FORECAST,,STATE,WISCONSIN,55,,,,,,,00000000,,CORN,"CORN, GRAIN - ACRES HARVESTED",TOTAL,NOT SPECIFIED,"3,200,000",
SURVEY,2016,YEAR - AUG FORECAST,,STATE,WISCONSIN,55,,,,,,,00000000,,SOYBEANS,SOYBEANS - ACRES HARVESTED,TOTAL,NOT SPECIFIED,"1,940,000",
SURVEY,2016,YEAR - JUN ACREAGE,,STATE,WISCONSIN,55,,,,,,,00000000,,CORN,"CORN, GRAIN - ACRES HARVESTED",TOTAL,NOT SPECIFIED,"3,200,000",
SURVEY,2016,YEAR - JUN ACREAGE,,STATE,WISCONSIN,55,,,,,,,00000000,,SOYBEANS,SOYBEANS - ACRES HARVESTED,TOTAL,NOT SPECIFIED,"1,940,000",
SURVEY,2016,YEAR - NOV FORECAST,,STATE,WISCONSIN,55,,,,,,,00000000,,CORN,"CORN, GRAIN - ACRES HARVESTED",TOTAL,NOT SPECIFIED,"3,100,000",
SURVEY,2016,YEAR - NOV FORECAST,,STATE,WISCONSIN,55,,,,,,,00000000,,SOYBEANS,SOYBEANS - ACRES HARVESTED,TOTAL,NOT SPECIFIED,"1,950,000",
SURVEY,2016,YEAR - OCT FORECAST,,STATE,WISCONSIN,55,,,,,,,00000000,,CORN,"CORN, GRAIN - ACRES HARVESTED",TOTAL,NOT SPECIFIED,"3,100,000",
SURVEY,2016,YEAR - OCT FORECAST,,STATE,WISCONSIN,55,,,,,,,00000000,,SOYBEANS,SOYBEANS - ACRES HARVESTED,TOTAL,NOT SPECIFIED,"1,950,000",
SURVEY,2016,YEAR - SEP FORECAST,,STATE,WISCONSIN,55,,,,,,,00000000,,CORN,"CORN, GRAIN - ACRES HARVESTED",TOTAL,NOT SPECIFIED,"3,200,000",
SURVEY,2016,YEAR - SEP FORECAST,,STATE,WISCONSIN,55,,,,,,,00000000,,SOYBEANS,SOYBEANS - ACRES HARVESTED,TOTAL,NOT SPECIFIED,"1,940,000",
SURVEY,2015,YEAR,,STATE,WISCONSIN,55,,,,,,,00000000,,CORN,"CORN, GRAIN - ACRES HARVESTED",TOTAL,NOT SPECIFIED,"3,000,000",
SURVEY,2015,YEAR,,STATE,WISCONSIN,55,,,,,,,00000000,,CORN,"CORN, SILAGE - ACRES HARVESTED",TOTAL,NOT SPECIFIED,"970,000",
SURVEY,2015,YEAR,,STATE,WISCONSIN,55,,,,,,,00000000,,SOYBEANS,SOYBEANS - ACRES HARVESTED,TOTAL,NOT SPECIFIED,"1,870,000",
SURVEY,2015,YEAR - AUG FORECAST,,STATE,WISCONSIN,55,,,,,,,00000000,,CORN,"CORN, GRAIN - ACRES HARVESTED",TOTAL,NOT SPECIFIED,"3,100,000",
SURVEY,2015,YEAR - AUG FORECAST,,STATE,WISCONSIN,55,,,,,,,00000000,,SOYBEANS,SOYBEANS - ACRES HARVESTED,TOTAL,NOT SPECIFIED,"1,880,000",
SURVEY,2015,YEAR - JUN ACREAGE,,STATE,WISCONSIN,55,,,,,,,00000000,,CORN,"CORN, GRAIN - ACRES HARVESTED",TOTAL,NOT SPECIFIED,"3,100,000",
SURVEY,2015,YEAR - JUN ACREAGE,,STATE,WISCONSIN,55,,,,,,,00000000,,SOYBEANS,SOYBEANS - ACRES HARVESTED,TOTAL,NOT SPECIFIED,"1,880,000",
SURVEY,2015,YEAR - NOV FORECAST,,STATE,WISCONSIN,55,,,,,,,00000000,,CORN,"CORN, GRAIN - ACRES HARVESTED",TOTAL,NOT SPECIFIED,"3,060,000",
SURVEY,2015,YEAR - NOV FORECAST,,STATE,WISCONSIN,55,,,,,,,00000000,,SOYBEANS,SOYBEANS - ACRES HARVESTED,TOTAL,NOT SPECIFIED,"1,860,000",
SURVEY,2015,YEAR - OCT FORECAST,,STATE,WISCONSIN,55,,,,,,,00000000,,CORN,"CORN, GRAIN - ACRES HARVESTED",TOTAL,NOT SPECIFIED,"3,060,000",
SURVEY,2015,YEAR - OCT FORECAST,,STATE,WISCONSIN,55,,,,,,,00000000,,SOYBEANS,SOYBEANS - ACRES HARVESTED,TOTAL,NOT SPECIFIED,"1,860,000",
SURVEY,2015,YEAR - SEP FORECAST,,STATE,WISCONSIN,55,,,,,,,00000000,,CORN,"CORN, GRAIN - ACRES HARVESTED",TOTAL,NOT SPECIFIED,"3,100,000",
SURVEY,2015,YEAR - SEP FORECAST,,STATE,WISCONSIN,55,,,,,,,00000000,,SOYBEANS,SOYBEANS - ACRES HARVESTED,TOTAL,NOT SPECIFIED,"1,880,000",
SURVEY,2014,YEAR,,STATE,WISCONSIN,55,,,,,,,00000000,,CORN,"CORN, GRAIN - ACRES HARVESTED",TOTAL,NOT SPECIFIED,"3,110,000",
SURVEY,2014,YEAR,,STATE,WISCONSIN,55,,,,,,,00000000,,CORN,"CORN, SILAGE - ACRES HARVESTED",TOTAL,NOT SPECIFIED,"850,000",
SURVEY,2014,YEAR,,STATE,WISCONSIN,55,,,,,,,00000000,,SOYBEANS,SOYBEANS - ACRES HARVESTED,TOTAL,NOT SPECIFIED,"1,790,000",
SURVEY,2014,YEAR - AUG FORECAST,,STATE,WISCONSIN,55,,,,,,,00000000,,CORN,"CORN, GRAIN - ACRES HARVESTED",TOTAL,NOT SPECIFIED,"3,150,000",
SURVEY,2014,YEAR - AUG FORECAST,,STATE,WISCONSIN,55,,,,,,,00000000,,SOYBEANS,SOYBEANS - ACRES HARVESTED,TOTAL,NOT SPECIFIED,"1,780,000",
SURVEY,2014,YEAR - JUN ACREAGE,,STATE,WISCONSIN,55,,,,,,,00000000,,CORN,"CORN, GRAIN - ACRES HARVESTED",TOTAL,NOT SPECIFIED,"3,150,000",
SURVEY,2014,YEAR - JUN ACREAGE,,STATE,WISCONSIN,55,,,,,,,00000000,,SOYBEANS,SOYBEANS - ACRES HARVESTED,TOTAL,NOT SPECIFIED,"1,780,000",
SURVEY,2014,YEAR - NOV FORECAST,,STATE,WISCONSIN,55,,,,,,,00000000,,CORN,"CORN, GRAIN - ACRES HARVESTED",TOTAL,NOT SPECIFIED,"3,070,000",
SURVEY,2014,YEAR - NOV FORECAST,,STATE,WISCONSIN,55,,,,,,,00000000,,SOYBEANS,SOYBEANS - ACRES HARVESTED,TOTAL,NOT SPECIFIED,"1,780,000",
SURVEY,2014,YEAR - OCT FORECAST,,STATE,WISCONSIN,55,,,,,,,00000000,,CORN,"CORN, GRAIN - ACRES HARVESTED",TOTAL,NOT SPECIFIED,"3,070,000",
SURVEY,2014,YEAR - OCT FORECAST,,STATE,WISCONSIN,55,,,,,,,00000000,,SOYBEANS,SOYBEANS - ACRES HARVESTED,TOTAL,NOT SPECIFIED,"1,780,000",
SURVEY,2014,YEAR - SEP FORECAST,,STATE,WISCONSIN,55,,,,,,,00000000,,CORN,"CORN, GRAIN - ACRES HARVESTED",TOTAL,NOT SPECIFIED,"3,150,000",
SURVEY,2014,YEAR - SEP FORECAST,,STATE,WISCONSIN,55,,,,,,,00000000,,SOYBEANS,SOYBEANS - ACRES HARVESTED,TOTAL,NOT SPECIFIED,"1,780,000",
SURVEY,2013,YEAR,,STATE,WISCONSIN,55,,,,,,,00000000,,CORN,"CORN, GRAIN - ACRES HARVESTED",TOTAL,NOT SPECIFIED,"3,030,000",
SURVEY,2013,YEAR,,STATE,WISCONSIN,55,,,,,,,00000000,,CORN,"CORN, SILAGE - ACRES HARVESTED",TOTAL,NOT SPECIFIED,"980,000",
SURVEY,2013,YEAR,,STATE,WISCONSIN,55,,,,,,,00000000,,SOYBEANS,SOYBEANS - ACRES HARVESTED,TOTAL,NOT SPECIFIED,"1,550,000",
SURVEY,2013,YEAR - AUG FORECAST,,STATE,WISCONSIN,55,,,,,,,00000000,,CORN,"CORN, GRAIN - ACRES HARVESTED",TOTAL,NOT SPECIFIED,"3,250,000",
SURVEY,2013,YEAR - AUG FORECAST,,STATE,WISCONSIN,55,,,,,,,00000000,,SOYBEANS,SOYBEANS - ACRES HARVESTED,TOTAL,NOT SPECIFIED,"1,670,000",
SURVEY,2013,YEAR - NOV FORECAST,,STATE,WISCONSIN,55,,,,,,,00000000,,CORN,"CORN, GRAIN - ACRES HARVESTED",TOTAL,NOT SPECIFIED,"3,200,000",
SURVEY,2013,YEAR - NOV FORECAST,,STATE,WISCONSIN,55,,,,,,,00000000,,SOYBEANS,SOYBEANS - ACRES HARVESTED,TOTAL,NOT SPECIFIED,"1,570,000",
SURVEY,2013,YEAR - SEP FORECAST,,STATE,WISCONSIN,55,,,,,,,00000000,,CORN,"CORN, GRAIN - ACRES HARVESTED",TOTAL,NOT SPECIFIED,"3,250,000",
SURVEY,2013,YEAR - SEP FORECAST,,STATE,WISCONSIN,55,,,,,,,00000000,,SOYBEANS,SOYBEANS - ACRES HARVESTED,TOTAL,NOT SPECIFIED,"1,670,000",
SURVEY,2012,YEAR,,STATE,WISCONSIN,55,,,,,,,00000000,,CORN,"CORN, GRAIN - ACRES HARVESTED",TOTAL,NOT SPECIFIED,"3,300,000",
SURVEY,2012,YEAR,,STATE,WISCONSIN,55,,,,,,,00000000,,CORN,"CORN, SILAGE - ACRES HARVESTED",TOTAL,NOT SPECIFIED,"980,000",
SURVEY,2012,YEAR,,STATE,WISCONSIN,55,,,,,,,00000000,,SOYBEANS,SOYBEANS - ACRES HARVESTED,TOTAL,NOT SPECIFIED,"1,700,000",
SURVEY,2012,YEAR - AUG FORECAST,,STATE,WISCONSIN,55,,,,,,,00000000,,CORN,"CORN, GRAIN - ACRES HARVESTED",TOTAL,NOT SPECIFIED,"3,450,000",
SURVEY,2012,YEAR - AUG FORECAST,,STATE,WISCONSIN,55,,,,,,,00000000,,SOYBEANS,SOYBEANS - ACRES HARVESTED,TOTAL,NOT SPECIFIED,"1,680,000",
SURVEY,2012,YEAR - JUN ACREAGE,,STATE,WISCONSIN,55,,,,,,,00000000,,CORN,"CORN, GRAIN - ACRES HARVESTED",TOTAL,NOT SPECIFIED,"3,450,000",
SURVEY,2012,YEAR - JUN ACREAGE,,STATE,WISCONSIN,55,,,,,,,00000000,,SOYBEANS,SOYBEANS - ACRES HARVESTED,TOTAL,NOT SPECIFIED,"1,680,000",
SURVEY,2012,YEAR - NOV FORECAST,,STATE,WISCONSIN,55,,,,,,,00000000,,CORN,"CORN, GRAIN - ACRES HARVESTED",TOTAL,NOT SPECIFIED,"3,450,000",
SURVEY,2012,YEAR - NOV FORECAST,,STATE,WISCONSIN,55,,,,,,,00000000,,SOYBEANS,SOYBEANS - ACRES HARVESTED,TOTAL,NOT SPECIFIED,"1,700,000",
SURVEY,2012,YEAR - OCT FORECAST,,STATE,WISCONSIN,55,,,,,,,00000000,,CORN,"CORN, GRAIN - ACRES HARVESTED",TOTAL,NOT SPECIFIED,"3,450,000",
SURVEY,2012,YEAR - OCT FORECAST,,STATE,WISCONSIN,55,,,,,,,00000000,,SOYBEANS,SOYBEANS - ACRES HARVESTED,TOTAL,NOT SPECIFIED,"1,700,000",
SURVEY,2012,YEAR - SEP FORECAST,,STATE,WISCONSIN,55,,,,,,,00000000,,CORN,"CORN, GRAIN - ACRES HARVESTED",TOTAL,NOT SPECIFIED,"3,450,000",
SURVEY,2012,YEAR - SEP FORECAST,,STATE,WISCONSIN,55,,,,,,,00000000,,SOYBEANS,SOYBEANS - ACRES HARVESTED,TOTAL,NOT SPECIFIED,"1,680,000",
SURVEY,2011,YEAR,,STATE,WISCONSIN,55,,,,,,,00000000,,CORN,"CORN, GRAIN - ACRES HARVESTED",TOTAL,NOT SPECIFIED,"3,320,000",
SURVEY,2011,YEAR,,STATE,WISCONSIN,55,,,,,,,00000000,,CORN,"CORN, SILAGE - ACRES HARVESTED",TOTAL,NOT SPECIFIED,"805,000",
SURVEY,2011,YEAR,,STATE,WISCONSIN,55,,,,,,,00000000,,SOYBEANS,SOYBEANS - ACRES HARVESTED,TOTAL,NOT SPECIFIED,"1,610,000",
SURVEY,2010,YEAR,,STATE,WISCONSIN,55,,,,,,,00000000,,CORN,"CORN, GRAIN - ACRES HARVESTED",TOTAL,NOT SPECIFIED,"3,100,000",
SURVEY,2010,YEAR,,STATE,WISCONSIN,55,,,,,,,00000000,,CORN,"CORN, SILAGE - ACRES HARVESTED",TOTAL,NOT SPECIFIED,"750,000",
SURVEY,2010,YEAR,,STATE,WISCONSIN,55,,,,,,,00000000,,SOYBEANS,SOYBEANS - ACRES HARVESTED,TOTAL,NOT SPECIFIED,"1,630,000",
SURVEY,2009,YEAR,,STATE,WISCONSIN,55,,,,,,,00000000,,CORN,"CORN, GRAIN - ACRES HARVESTED",TOTAL,NOT SPECIFIED,"2,930,000",
SURVEY,2009,YEAR,,STATE,WISCONSIN,55,,,,,,,00000000,,CORN,"CORN, SILAGE - ACRES HARVESTED",TOTAL,NOT SPECIFIED,"850,000",
SURVEY,2009,YEAR,,STATE,WISCONSIN,55,,,,,,,00000000,,SOYBEANS,SOYBEANS - ACRES HARVESTED,TOTAL,NOT SPECIFIED,"1,620,000",
SURVEY,2008,YEAR,,STATE,WISCONSIN,55,,,,,,,00000000,,CORN,"CORN, GRAIN - ACRES HARVESTED",TOTAL,NOT SPECIFIED,"2,880,000",
SURVEY,2008,YEAR,,STATE,WISCONSIN,55,,,,,,,00000000,,CORN,"CORN, SILAGE - ACRES HARVESTED",TOTAL,NOT SPECIFIED,"875,000",
SURVEY,2008,YEAR,,STATE,WISCONSIN,55,,,,,,,00000000,,SOYBEANS,SOYBEANS - ACRES HARVESTED,TOTAL,NOT SPECIFIED,"1,590,000",
SURVEY,2007,YEAR,,STATE,WISCONSIN,55,,,,,,,00000000,,CORN,"CORN, GRAIN - ACRES HARVESTED",TOTAL,NOT SPECIFIED,"3,280,000",
SURVEY,2007,YEAR,,STATE,WISCONSIN,55,,,,,,,00000000,,CORN,"CORN, SILAGE - ACRES HARVESTED",TOTAL,NOT SPECIFIED,"745,000",
SURVEY,2007,YEAR,,STATE,WISCONSIN,55,,,,,,,00000000,,SOYBEANS,SOYBEANS - ACRES HARVESTED,TOTAL,NOT SPECIFIED,"1,380,000",
SURVEY,2006,YEAR,,STATE,WISCONSIN,55,,,,,,,00000000,,CORN,"CORN, GRAIN - ACRES HARVESTED",TOTAL,NOT SPECIFIED,"2,800,000",
SURVEY,2006,YEAR,,STATE,WISCONSIN,55,,,,,,,00000000,,CORN,"CORN, SILAGE - ACRES HARVESTED",TOTAL,NOT SPECIFIED,"830,000",
SURVEY,2006,YEAR,,STATE,WISCONSIN,55,,,,,,,00000000,,SOYBEANS,SOYBEANS - ACRES HARVESTED,TOTAL,NOT SPECIFIED,"1,640,000",
SURVEY,2005,YEAR,,STATE,WISCONSIN,55,,,,,,,00000000,,CORN,"CORN, GRAIN - ACRES HARVESTED",TOTAL,NOT SPECIFIED,"2,900,000",
SURVEY,2005,YEAR,,STATE,WISCONSIN,55,,,,,,,00000000,,CORN,"CORN, SILAGE - ACRES HARVESTED",TOTAL,NOT SPECIFIED,"880,000",
SURVEY,2005,YEAR,,STATE,WISCONSIN,55,,,,,,,00000000,,SOYBEANS,SOYBEANS - ACRES HARVESTED,TOTAL,NOT SPECIFIED,"1,580,000",
SURVEY,2004,YEAR,,STATE,WISCONSIN,55,,,,,,,00000000,,CORN,"CORN, GRAIN - ACRES HARVESTED",TOTAL,NOT SPECIFIED,"2,600,000",
SURVEY,2004,YEAR,,STATE,WISCONSIN,55,,,,,,,00000000,,CORN,"CORN, SILAGE - ACRES HARVESTED",TOTAL,NOT SPECIFIED,"950,000",
SURVEY,2004,YEAR,,STATE,WISCONSIN,55,,,,,,,00000000,,SOYBEANS,SOYBEANS - ACRES HARVESTED,TOTAL,NOT SPECIFIED,"1,550,000",
SURVEY,2003,YEAR,,STATE,WISCONSIN,55,,,,,,,00000000,,CORN,"CORN, GRAIN - ACRES HARVESTED",TOTAL,NOT SPECIFIED,"2,850,000",
SURVEY,2003,YEAR,,STATE,WISCONSIN,55,,,,,,,00000000,,CORN,"CORN, SILAGE - ACRES HARVESTED",TOTAL,NOT SPECIFIED,"880,000",
SURVEY,2003,YEAR,,STATE,WISCONSIN,55,,,,,,,00000000,,SOYBEANS,SOYBEANS - ACRES HARVESTED,TOTAL,NOT SPECIFIED,"1,670,000",
SURVEY,2002,YEAR,,STATE,WISCONSIN,55,,,,,,,00000000,,CORN,"CORN, GRAIN - ACRES HARVESTED",TOTAL,NOT SPECIFIED,"2,900,000",
SURVEY,2002,YEAR,,STATE,WISCONSIN,55,,,,,,,00000000,,CORN,"CORN, SILAGE - ACRES HARVESTED",TOTAL,NOT SPECIFIED,"730,000",
SURVEY,2002,YEAR,,STATE,WISCONSIN,55,,,,,,,00000000,,SOYBEANS,SOYBEANS - ACRES HARVESTED,TOTAL,NOT SPECIFIED,"1,520,000",
SURVEY,2001,YEAR,,STATE,WISCONSIN,55,,,,,,,00000000,,CORN,"CORN, GRAIN - ACRES HARVESTED",TOTAL,NOT SPECIFIED,"2,600,000",
SURVEY,2001,YEAR,,STATE,WISCONSIN,55,,,,,,,00000000,,CORN,"CORN, SILAGE - ACRES HARVESTED",TOTAL,NOT SPECIFIED,"780,000",
SURVEY,2001,YEAR,,STATE,WISCONSIN,55,,,,,,,00000000,,SOYBEANS,SOYBEANS - ACRES HARVESTED,TOTAL,NOT SPECIFIED,"1,570,000",
SURVEY,2000,YEAR,,STATE,WISCONSIN,55,,,,,,,00000000,,CORN,"CORN, GRAIN - ACRES HARVESTED",TOTAL,NOT SPECIFIED,"2,750,000",
SURVEY,2000,YEAR,,STATE,WISCONSIN,55,,,,,,,00000000,,CORN,"CORN, SILAGE - ACRES HARVESTED",TOTAL,NOT SPECIFIED,"720,000",
SURVEY,2000,YEAR,,STATE,WISCONSIN,55,,,,,,,00000000,,SOYBEANS,SOYBEANS - ACRES HARVESTED,TOTAL,NOT SPECIFIED,"1,500,000",
SURVEY,1999,YEAR,,STATE,WISCONSIN,55,,,,,,,00000000,,CORN,"CORN, GRAIN - ACRES HARVESTED",TOTAL,NOT SPECIFIED,"2,850,000",
SURVEY,1999,YEAR,,STATE,WISCONSIN,55,,,,,,,00000000,,CORN,"CORN, SILAGE - ACRES HARVESTED",TOTAL,NOT SPECIFIED,"730,000",
SURVEY,1999,YEAR,,STATE,WISCONSIN,55,,,,,,,00000000,,SOYBEANS,SOYBEANS - ACRES HARVESTED,TOTAL,NOT SPECIFIED,"1,300,000",
SURVEY,1998,YEAR,,STATE,WISCONSIN,55,,,,,,,00000000,,CORN,"CORN, GRAIN - ACRES HARVESTED",TOTAL,NOT SPECIFIED,"2,950,000",
SURVEY,1998,YEAR,,STATE,WISCONSIN,55,,,,,,,00000000,,CORN,"CORN, SILAGE - ACRES HARVESTED",TOTAL,NOT SPECIFIED,"730,000",
SURVEY,1998,YEAR,,STATE,WISCONSIN,55,,,,,,,00000000,,SOYBEANS,SOYBEANS - ACRES HARVESTED,TOTAL,NOT SPECIFIED,"1,100,000",
SURVEY,1997,YEAR,,STATE,WISCONSIN,55,,,,,,,00000000,,CORN,"CORN, GRAIN - ACRES HARVESTED",TOTAL,NOT SPECIFIED,"3,050,000",
SURVEY,1997,YEAR,,STATE,WISCONSIN,55,,,,,,,00000000,,CORN,"CORN, SILAGE - ACRES HARVESTED",TOTAL,NOT SPECIFIED,"770,000",
SURVEY,1997,YEAR,,STATE,WISCONSIN,55,,,,,,,00000000,,SOYBEANS,SOYBEANS - ACRES HARVESTED,TOTAL,NOT SPECIFIED,"1,000,000",
SURVEY,1996,YEAR,,STATE,WISCONSIN,55,,,,,,,00000000,,CORN,"CORN, GRAIN - ACRES HARVESTED",TOTAL,NOT SPECIFIED,"3,000,000",
SURVEY,1996,YEAR,,STATE,WISCONSIN,55,,,,,,,00000000,,CORN,"CORN, SILAGE - ACRES HARVESTED",TOTAL,NOT SPECIFIED,"865,000",
SURVEY,1996,YEAR,,STATE,WISCONSIN,55,,,,,,,00000000,,SOYBEANS,SOYBEANS - ACRES HARVESTED,TOTAL,NOT SPECIFIED,"870,000",
SURVEY,1995,YEAR,,STATE,WISCONSIN,55,,,,,,,00000000,,CORN,"CORN, GRAIN - ACRES HARVESTED",TOTAL,NOT SPECIFIED,"3,050,000",
SURVEY,1995,YEAR,,STATE,WISCONSIN,55,,,,,,,00000000,,CORN,"CORN, SILAGE - ACRES HARVESTED",TOTAL,NOT SPECIFIED,"580,000",
SURVEY,1995,YEAR,,STATE,WISCONSIN,55,,,,,,,00000000,,SOYBEANS,SOYBEANS - ACRES HARVESTED,TOTAL,NOT SPECIFIED,"800,000",
SURVEY,1994,YEAR,,STATE,WISCONSIN,55,,,,,,,00000000,,CORN,"CORN, GRAIN - ACRES HARVESTED",TOTAL,NOT SPECIFIED,"3,100,000",
SURVEY,1994,YEAR,,STATE,WISCONSIN,55,,,,,,,00000000,,CORN,"CORN, SILAGE - ACRES HARVESTED",TOTAL,NOT SPECIFIED,"635,000",
SURVEY,1994,YEAR,,STATE,WISCONSIN,55,,,,,,,00000000,,SOYBEANS,SOYBEANS - ACRES HARVESTED,TOTAL,NOT SPECIFIED,"830,000",
SURVEY,1993,YEAR,,STATE,WISCONSIN,55,,,,,,,00000000,,CORN,"CORN, GRAIN - ACRES HARVESTED",TOTAL,NOT SPECIFIED,"2,350,000",
SURVEY,1993,YEAR,,STATE,WISCONSIN,55,,,,,,,00000000,,CORN,"CORN, SILAGE - ACRES HARVESTED",TOTAL,NOT SPECIFIED,"950,000",
SURVEY,1993,YEAR,,STATE,WISCONSIN,55,,,,,,,00000000,,SOYBEANS,SOYBEANS - ACRES HARVESTED,TOTAL,NOT SPECIFIED,"590,000",
SURVEY,1992,YEAR,,STATE,WISCONSIN,55,,,,,,,00000000,,CORN,"CORN, GRAIN - ACRES HARVESTED",TOTAL,NOT SPECIFIED,"2,950,000",
SURVEY,1992,YEAR,,STATE,WISCONSIN,55,,,,,,,00000000,,CORN,"CORN, SILAGE - ACRES HARVESTED",TOTAL,NOT SPECIFIED,"860,000",
SURVEY,1992,YEAR,,STATE,WISCONSIN,55,,,,,,,00000000,,SOYBEANS,SOYBEANS - ACRES HARVESTED,TOTAL,NOT SPECIFIED,"690,000",
SURVEY,1991,YEAR,,STATE,WISCONSIN,55,,,,,,,00000000,,CORN,"CORN, GRAIN - ACRES HARVESTED",TOTAL,NOT SPECIFIED,"3,200,000",
SURVEY,1991,YEAR,,STATE,WISCONSIN,55,,,,,,,00000000,,CORN,"CORN, SILAGE - ACRES HARVESTED",TOTAL,NOT SPECIFIED,"570,000",
SURVEY,1991,YEAR,,STATE,WISCONSIN,55,,,,,,,00000000,,SOYBEANS,SOYBEANS - ACRES HARVESTED,TOTAL,NOT SPECIFIED,"550,000",
SURVEY,1990,YEAR,,STATE,WISCONSIN,55,,,,,,,00000000,,CORN,"CORN, GRAIN - ACRES HARVESTED",TOTAL,NOT SPECIFIED,"3,000,000",
SURVEY,1990,YEAR,,STATE,WISCONSIN,55,,,,,,,00000000,,CORN,"CORN, SILAGE - ACRES HARVESTED",TOTAL,NOT SPECIFIED,"670,000",
SURVEY,1990,YEAR,,STATE,WISCONSIN,55,,,,,,,00000000,,SOYBEANS,SOYBEANS - ACRES HARVESTED,TOTAL,NOT SPECIFIED,"430,000",
SURVEY,1989,YEAR,,STATE,WISCONSIN,55,,,,,,,00000000,,CORN,"CORN, GRAIN - ACRES HARVESTED",TOTAL,NOT SPECIFIED,"2,800,000",
SURVEY,1989,YEAR,,STATE,WISCONSIN,55,,,,,,,00000000,,CORN,"CORN, SILAGE - ACRES HARVESTED",TOTAL,NOT SPECIFIED,"764,000",
SURVEY,1989,YEAR,,STATE,WISCONSIN,55,,,,,,,00000000,,SOYBEANS,SOYBEANS - ACRES HARVESTED,TOTAL,NOT SPECIFIED,"410,000",
SURVEY,1988,YEAR,,STATE,WISCONSIN,55,,,,,,,00000000,,CORN,"CORN, GRAIN - ACRES HARVESTED",TOTAL,NOT SPECIFIED,"1,950,000",
SURVEY,1988,YEAR,,STATE,WISCONSIN,55,,,,,,,00000000,,CORN,"CORN, SILAGE - ACRES HARVESTED",TOTAL,NOT SPECIFIED,"1,450,000",
SURVEY,1988,YEAR,,STATE,WISCONSIN,55,,,,,,,00000000,,SOYBEANS,SOYBEANS - ACRES HARVESTED,TOTAL,NOT SPECIFIED,"390,000",
SURVEY,1987,YEAR,,STATE,WISCONSIN,55,,,,,,,00000000,,CORN,"CORN, GRAIN - ACRES HARVESTED",TOTAL,NOT SPECIFIED,"2,800,000",
SURVEY,1987,YEAR,,STATE,WISCONSIN,55,,,,,,,00000000,,CORN,"CORN, SILAGE - ACRES HARVESTED",TOTAL,NOT SPECIFIED,"730,000",
SURVEY,1987,YEAR,,STATE,WISCONSIN,55,,,,,,,00000000,,SOYBEANS,SOYBEANS - ACRES HARVESTED,TOTAL,NOT SPECIFIED,"320,000",
SURVEY,1986,YEAR,,STATE,WISCONSIN,55,,,,,,,00000000,,CORN,"CORN, GRAIN - ACRES HARVESTED",TOTAL,NOT SPECIFIED,"3,100,000",
SURVEY,1986,YEAR,,STATE,WISCONSIN,55,,,,,,,00000000,,CORN,"CORN, SILAGE - ACRES HARVESTED",TOTAL,NOT SPECIFIED,"760,000",
SURVEY,1986,YEAR,,STATE,WISCONSIN,55,,,,,,,00000000,,SOYBEANS,SOYBEANS - ACRES HARVESTED,TOTAL,NOT SPECIFIED,"320,000",
SURVEY,1985,YEAR,,STATE,WISCONSIN,55,,,,,,,00000000,,CORN,"CORN, GRAIN - ACRES HARVESTED",TOTAL,NOT SPECIFIED,"3,350,000",
SURVEY,1985,YEAR,,STATE,WISCONSIN,55,,,,,,,00000000,,CORN,"CORN, SILAGE - ACRES HARVESTED",TOTAL,NOT SPECIFIED,"900,000",
SURVEY,1985,YEAR,,STATE,WISCONSIN,55,,,,,,,00000000,,SOYBEANS,SOYBEANS - ACRES HARVESTED,TOTAL,NOT SPECIFIED,"300,000",
SURVEY,1984,YEAR,,STATE,WISCONSIN,55,,,,,,,00000000,,CORN,"CORN, GRAIN - ACRES HARVESTED",TOTAL,NOT SPECIFIED,"3,250,000",
SURVEY,1984,YEAR,,STATE,WISCONSIN,55,,,,,,,00000000,,CORN,"CORN, SILAGE - ACRES HARVESTED",TOTAL,NOT SPECIFIED,"830,000",
SURVEY,1984,YEAR,,STATE,WISCONSIN,55,,,,,,,00000000,,SOYBEANS,SOYBEANS - ACRES HARVESTED,TOTAL,NOT SPECIFIED,"450,000",
SURVEY,1983,YEAR,,STATE,WISCONSIN,55,,,,,,,00000000,,CORN,"CORN, GRAIN - ACRES HARVESTED",TOTAL,NOT SPECIFIED,"2,300,000",
SURVEY,1983,YEAR,,STATE,WISCONSIN,55,,,,,,,00000000,,CORN,"CORN, SILAGE - ACRES HARVESTED",TOTAL,NOT SPECIFIED,"830,000",
SURVEY,1983,YEAR,,STATE,WISCONSIN,55,,,,,,,00000000,,SOYBEANS,SOYBEANS - ACRES HARVESTED,TOTAL,NOT SPECIFIED,"395,000",
SURVEY,1982,YEAR,,STATE,WISCONSIN,55,,,,,,,00000000,,CORN,"CORN, GRAIN - ACRES HARVESTED",TOTAL,NOT SPECIFIED,"3,350,000",
SURVEY,1982,YEAR,,STATE,WISCONSIN,55,,,,,,,00000000,,CORN,"CORN, SILAGE - ACRES HARVESTED",TOTAL,NOT SPECIFIED,"980,000",
SURVEY,1982,YEAR,,STATE,WISCONSIN,55,,,,,,,00000000,,SOYBEANS,SOYBEANS - ACRES HARVESTED,TOTAL,NOT SPECIFIED,"440,000",
SURVEY,1981,YEAR,,STATE,WISCONSIN,55,,,,,,,00000000,,CORN,"CORN, GRAIN - ACRES HARVESTED",TOTAL,NOT SPECIFIED,"3,500,000",
SURVEY,1981,YEAR,,STATE,WISCONSIN,55,,,,,,,00000000,,CORN,"CORN, SILAGE - ACRES HARVESTED",TOTAL,NOT SPECIFIED,"944,000",
SURVEY,1981,YEAR,,STATE,WISCONSIN,55,,,,,,,00000000,,SOYBEANS,SOYBEANS - ACRES HARVESTED,TOTAL,NOT SPECIFIED,"375,000",
SURVEY,1980,YEAR,,STATE,WISCONSIN,55,,,,,,,00000000,,CORN,"CORN, GRAIN - ACRES HARVESTED",TOTAL,NOT SPECIFIED,"3,350,000",
SURVEY,1980,YEAR,,STATE,WISCONSIN,55,,,,,,,00000000,,CORN,"CORN, SILAGE - ACRES HARVESTED",TOTAL,NOT SPECIFIED,"775,000",
SURVEY,1980,YEAR,,STATE,WISCONSIN,55,,,,,,,00000000,,SOYBEANS,SOYBEANS - ACRES HARVESTED,TOTAL,NOT SPECIFIED,"330,000",
SURVEY,1979,YEAR,,STATE,WISCONSIN,55,,,,,,,00000000,,CORN,"CORN, GRAIN - ACRES HARVESTED",TOTAL,NOT SPECIFIED,"3,080,000",
SURVEY,1979,YEAR,,STATE,WISCONSIN,55,,,,,,,00000000,,CORN,"CORN, SILAGE - ACRES HARVESTED",TOTAL,NOT SPECIFIED,"900,000",
SURVEY,1979,YEAR,,STATE,WISCONSIN,55,,,,,,,00000000,,SOYBEANS,SOYBEANS - ACRES HARVESTED,TOTAL,NOT SPECIFIED,"295,000",
SURVEY,1978,YEAR,,STATE,WISCONSIN,55,,,,,,,00000000,,CORN,"CORN, GRAIN - ACRES HARVESTED",TOTAL,NOT SPECIFIED,"3,000,000",
SURVEY,1978,YEAR,,STATE,WISCONSIN,55,,,,,,,00000000,,CORN,"CORN, SILAGE - ACRES HARVESTED",TOTAL,NOT SPECIFIED,"920,000",
SURVEY,1978,YEAR,,STATE,WISCONSIN,55,,,,,,,00000000,,SOYBEANS,SOYBEANS - ACRES HARVESTED,TOTAL,NOT SPECIFIED,"215,000",
SURVEY,1977,YEAR,,STATE,WISCONSIN,55,,,,,,,00000000,,CORN,"CORN, GRAIN - ACRES HARVESTED",TOTAL,NOT SPECIFIED,"3,050,000",
SURVEY,1977,YEAR,,STATE,WISCONSIN,55,,,,,,,00000000,,CORN,"CORN, SILAGE - ACRES HARVESTED",TOTAL,NOT SPECIFIED,"980,000",
SURVEY,1977,YEAR,,STATE,WISCONSIN,55,,,,,,,00000000,,SOYBEANS,SOYBEANS - ACRES HARVESTED,TOTAL,NOT SPECIFIED,"192,000",
SURVEY,1976,YEAR,,STATE,WISCONSIN,55,,,,,,,00000000,,CORN,"CORN, GRAIN - ACRES HARVESTED",TOTAL,NOT SPECIFIED,"2,220,000",
SURVEY,1976,YEAR,,STATE,WISCONSIN,55,,,,,,,00000000,,CORN,"CORN, SILAGE - ACRES HARVESTED",TOTAL,NOT SPECIFIED,"1,330,000",
SURVEY,1976,YEAR,,STATE,WISCONSIN,55,,,,,,,00000000,,SOYBEANS,SOYBEANS - ACRES HARVESTED,TOTAL,NOT SPECIFIED,"152,000",
SURVEY,1975,YEAR,,STATE,WISCONSIN,55,,,,,,,00000000,,CORN,"CORN, GRAIN - ACRES HARVESTED",TOTAL,NOT SPECIFIED,"2,390,000",
SURVEY,1975,YEAR,,STATE,WISCONSIN,55,,,,,,,00000000,,CORN,"CORN, SILAGE - ACRES HARVESTED",TOTAL,NOT SPECIFIED,"1,000,000",
SURVEY,1975,YEAR,,STATE,WISCONSIN,55,,,,,,,00000000,,SOYBEANS,SOYBEANS - ACRES HARVESTED,TOTAL,NOT SPECIFIED,"207,000",
SURVEY,1974,YEAR,,STATE,WISCONSIN,55,,,,,,,00000000,,CORN,"CORN, GRAIN - ACRES HARVESTED",TOTAL,NOT SPECIFIED,"2,270,000",
SURVEY,1974,YEAR,,STATE,WISCONSIN,55,,,,,,,00000000,,CORN,"CORN, SILAGE - ACRES HARVESTED",TOTAL,NOT SPECIFIED,"1,090,000",
SURVEY,1974,YEAR,,STATE,WISCONSIN,55,,,,,,,00000000,,SOYBEANS,SOYBEANS - ACRES HARVESTED,TOTAL,NOT SPECIFIED,"217,000",
SURVEY,1973,YEAR,,STATE,WISCONSIN,55,,,,,,,00000000,,CORN,"CORN, GRAIN - ACRES HARVESTED",TOTAL,NOT SPECIFIED,"2,090,000",
SURVEY,1973,YEAR,,STATE,WISCONSIN,55,,,,,,,00000000,,CORN,"CORN, SILAGE - ACRES HARVESTED",TOTAL,NOT SPECIFIED,"1,050,000",
SURVEY,1973,YEAR,,STATE,WISCONSIN,55,,,,,,,00000000,,SOYBEANS,SOYBEANS - ACRES HARVESTED,TOTAL,NOT SPECIFIED,"241,000",
SURVEY,1972,YEAR,,STATE,WISCONSIN,55,,,,,,,00000000,,CORN,"CORN, GRAIN - ACRES HARVESTED",TOTAL,NOT SPECIFIED,"2,143,000",
SURVEY,1972,YEAR,,STATE,WISCONSIN,55,,,,,,,00000000,,CORN,"CORN, SILAGE - ACRES HARVESTED",TOTAL,NOT SPECIFIED,"835,000",
SURVEY,1972,YEAR,,STATE,WISCONSIN,55,,,,,,,00000000,,SOYBEANS,SOYBEANS - ACRES HARVESTED,TOTAL,NOT SPECIFIED,"145,000",
SURVEY,1971,YEAR,,STATE,WISCONSIN,55,,,,,,,00000000,,CORN,"CORN, GRAIN - ACRES HARVESTED",TOTAL,NOT SPECIFIED,"2,304,000",
SURVEY,1971,YEAR,,STATE,WISCONSIN,55,,,,,,,00000000,,CORN,"CORN, SILAGE - ACRES HARVESTED",TOTAL,NOT SPECIFIED,"852,000",
SURVEY,1971,YEAR,,STATE,WISCONSIN,55,,,,,,,00000000,,SOYBEANS,SOYBEANS - ACRES HARVESTED,TOTAL,NOT SPECIFIED,"128,000",
SURVEY,1970,YEAR,,STATE,WISCONSIN,55,,,,,,,00000000,,CORN,"CORN, GRAIN - ACRES HARVESTED",TOTAL,NOT SPECIFIED,"1,858,000",
SURVEY,1970,YEAR,,STATE,WISCONSIN,55,,,,,,,00000000,,CORN,"CORN, SILAGE - ACRES HARVESTED",TOTAL,NOT SPECIFIED,"869,000",
SURVEY,1970,YEAR,,STATE,WISCONSIN,55,,,,,,,00000000,,SOYBEANS,SOYBEANS - ACRES HARVESTED,TOTAL,NOT SPECIFIED,"153,000",
SURVEY,1969,YEAR,,STATE,WISCONSIN,55,,,,,,,00000000,,CORN,"CORN, GRAIN - ACRES HARVESTED",TOTAL,NOT SPECIFIED,"1,736,000",
SURVEY,1969,YEAR,,STATE,WISCONSIN,55,,,,,,,00000000,,CORN,"CORN, SILAGE - ACRES HARVESTED",TOTAL,NOT SPECIFIED,"901,000",
SURVEY,1969,YEAR,,STATE,WISCONSIN,55,,,,,,,00000000,,SOYBEANS,SOYBEANS - ACRES HARVESTED,TOTAL,NOT SPECIFIED,"174,000",
SURVEY,1968,YEAR,,STATE,WISCONSIN,55,,,,,,,00000000,,CORN,"CORN, GRAIN - ACRES HARVESTED",TOTAL,NOT SPECIFIED,"1,754,000",
SURVEY,1968,YEAR,,STATE,WISCONSIN,55,,,,,,,00000000,,CORN,"CORN, SILAGE - ACRES HARVESTED",TOTAL,NOT SPECIFIED,"916,000",
SURVEY,1968,YEAR,,STATE,WISCONSIN,55,,,,,,,00000000,,SOYBEANS,SOYBEANS - ACRES HARVESTED,TOTAL,NOT SPECIFIED,"161,000",
SURVEY,1967,YEAR,,STATE,WISCONSIN,55,,,,,,,00000000,,CORN,"CORN, GRAIN - ACRES HARVESTED",TOTAL,NOT SPECIFIED,"1,703,000",
SURVEY,1967,YEAR,,STATE,WISCONSIN,55,,,,,,,00000000,,CORN,"CORN, SILAGE - ACRES HARVESTED",TOTAL,NOT SPECIFIED,"1,007,000",
SURVEY,1967,YEAR,,STATE,WISCONSIN,55,,,,,,,00000000,,SOYBEANS,SOYBEANS - ACRES HARVESTED,TOTAL,NOT SPECIFIED,"185,000",
SURVEY,1966,YEAR,,STATE,WISCONSIN,55,,,,,,,00000000,,CORN,"CORN, GRAIN - ACRES HARVESTED",TOTAL,NOT SPECIFIED,"1,670,000",
SURVEY,1966,YEAR,,STATE,WISCONSIN,55,,,,,,,00000000,,CORN,"CORN, SILAGE - ACRES HARVESTED",TOTAL,NOT SPECIFIED,"924,000",
SURVEY,1966,YEAR,,STATE,WISCONSIN,55,,,,,,,00000000,,SOYBEANS,SOYBEANS - ACRES HARVESTED,TOTAL,NOT SPECIFIED,"185,000",
SURVEY,1965,YEAR,,STATE,WISCONSIN,55,,,,,,,00000000,,CORN,"CORN, GRAIN - ACRES HARVESTED",TOTAL,NOT SPECIFIED,"1,606,000",
SURVEY,1965,YEAR,,STATE,WISCONSIN,55,,,,,,,00000000,,CORN,"CORN, SILAGE - ACRES HARVESTED",TOTAL,NOT SPECIFIED,"963,000",
SURVEY,1965,YEAR,,STATE,WISCONSIN,55,,,,,,,00000000,,SOYBEANS,SOYBEANS - ACRES HARVESTED,TOTAL,NOT SPECIFIED,"160,000",
SURVEY,1964,YEAR,,STATE,WISCONSIN,55,,,,,,,00000000,,CORN,"CORN, GRAIN - ACRES HARVESTED",TOTAL,NOT SPECIFIED,"1,487,000",
SURVEY,1964,YEAR,,STATE,WISCONSIN,55,,,,,,,00000000,,CORN,"CORN, SILAGE - ACRES HARVESTED",TOTAL,NOT SPECIFIED,"1,054,000",
SURVEY,1964,YEAR,,STATE,WISCONSIN,55,,,,,,,00000000,,SOYBEANS,SOYBEANS - ACRES HARVESTED,TOTAL,NOT SPECIFIED,"133,000",
SURVEY,1963,YEAR,,STATE,WISCONSIN,55,,,,,,,00000000,,CORN,"CORN, GRAIN - ACRES HARVESTED",TOTAL,NOT SPECIFIED,"1,502,000",
SURVEY,1963,YEAR,,STATE,WISCONSIN,55,,,,,,,00000000,,CORN,"CORN, SILAGE - ACRES HARVESTED",TOTAL,NOT SPECIFIED,"1,044,000",
SURVEY,1963,YEAR,,STATE,WISCONSIN,55,,,,,,,00000000,,SOYBEANS,SOYBEANS - ACRES HARVESTED,TOTAL,NOT SPECIFIED,"111,000",
SURVEY,1962,YEAR,,STATE,WISCONSIN,55,,,,,,,00000000,,CORN,"CORN, GRAIN - ACRES HARVESTED",TOTAL,NOT SPECIFIED,"1,533,000",
SURVEY,1962,YEAR,,STATE,WISCONSIN,55,,,,,,,00000000,,CORN,"CORN, SILAGE - ACRES HARVESTED",TOTAL,NOT SPECIFIED,"985,000",
SURVEY,1962,YEAR,,STATE,WISCONSIN,55,,,,,,,00000000,,SOYBEANS,SOYBEANS - ACRES HARVESTED,TOTAL,NOT SPECIFIED,"102,000",
SURVEY,1961,YEAR,,STATE,WISCONSIN,55,,,,,,,00000000,,CORN,"CORN, GRAIN - ACRES HARVESTED",TOTAL,NOT SPECIFIED,"1,614,000",
SURVEY,1961,YEAR,,STATE,WISCONSIN,55,,,,,,,00000000,,CORN,"CORN, SILAGE - ACRES HARVESTED",TOTAL,NOT SPECIFIED,"931,000",
SURVEY,1961,YEAR,,STATE,WISCONSIN,55,,,,,,,00000000,,SOYBEANS,SOYBEANS - ACRES HARVESTED,TOTAL,NOT SPECIFIED,"110,000",
SURVEY,1960,YEAR,,STATE,WISCONSIN,55,,,,,,,00000000,,CORN,"CORN, GRAIN - ACRES HARVESTED",TOTAL,NOT SPECIFIED,"1,736,000",
SURVEY,1960,YEAR,,STATE,WISCONSIN,55,,,,,,,00000000,,CORN,"CORN, SILAGE - ACRES HARVESTED",TOTAL,NOT SPECIFIED,"1,082,000",
SURVEY,1960,YEAR,,STATE,WISCONSIN,55,,,,,,,00000000,,SOYBEANS,SOYBEANS - ACRES HARVESTED,TOTAL,NOT SPECIFIED,"97,000",
SURVEY,1959,YEAR,,STATE,WISCONSIN,55,,,,,,,00000000,,CORN,"CORN, GRAIN - ACRES HARVESTED",TOTAL,NOT SPECIFIED,"1,935,000",
SURVEY,1959,YEAR,,STATE,WISCONSIN,55,,,,,,,00000000,,CORN,"CORN, SILAGE - ACRES HARVESTED",TOTAL,NOT SPECIFIED,"903,000",
SURVEY,1959,YEAR,,STATE,WISCONSIN,55,,,,,,,00000000,,SOYBEANS,SOYBEANS - ACRES HARVESTED,TOTAL,NOT SPECIFIED,"94,000",
SURVEY,1958,YEAR,,STATE,WISCONSIN,55,,,,,,,00000000,,CORN,"CORN, GRAIN - ACRES HARVESTED",TOTAL,NOT SPECIFIED,"1,492,000",
SURVEY,1958,YEAR,,STATE,WISCONSIN,55,,,,,,,00000000,,CORN,"CORN, SILAGE - ACRES HARVESTED",TOTAL,NOT SPECIFIED,"1,166,000",
SURVEY,1958,YEAR,,STATE,WISCONSIN,55,,,,,,,00000000,,SOYBEANS,SOYBEANS - ACRES HARVESTED,TOTAL,NOT SPECIFIED,"128,000",
SURVEY,1957,YEAR,,STATE,WISCONSIN,55,,,,,,,00000000,,CORN,"CORN, GRAIN - ACRES HARVESTED",TOTAL,NOT SPECIFIED,"1,678,000",
SURVEY,1957,YEAR,,STATE,WISCONSIN,55,,,,,,,00000000,,CORN,"CORN, SILAGE - ACRES HARVESTED",TOTAL,NOT SPECIFIED,"980,000",
SURVEY,1957,YEAR,,STATE,WISCONSIN,55,,,,,,,00000000,,SOYBEANS,SOYBEANS - ACRES HARVESTED,TOTAL,NOT SPECIFIED,"101,000",
SURVEY,1956,YEAR,,STATE,WISCONSIN,55,,,,,,,00000000,,CORN,"CORN, GRAIN - ACRES HARVESTED",TOTAL,NOT SPECIFIED,"1,714,000",
SURVEY,1956,YEAR,,STATE,WISCONSIN,55,,,,,,,00000000,,CORN,"CORN, SILAGE - ACRES HARVESTED",TOTAL,NOT SPECIFIED,"989,000",
SURVEY,1956,YEAR,,STATE,WISCONSIN,55,,,,,,,00000000,,SOYBEANS,SOYBEANS - ACRES HARVESTED,TOTAL,NOT SPECIFIED,"85,000",
SURVEY,1955,YEAR,,STATE,WISCONSIN,55,,,,,,,00000000,,CORN,"CORN, GRAIN - ACRES HARVESTED",TOTAL,NOT SPECIFIED,"1,617,000",
SURVEY,1955,YEAR,,STATE,WISCONSIN,55,,,,,,,00000000,,CORN,"CORN, SILAGE - ACRES HARVESTED",TOTAL,NOT SPECIFIED,"1,063,000",
SURVEY,1955,YEAR,,STATE,WISCONSIN,55,,,,,,,00000000,,SOYBEANS,SOYBEANS - ACRES HARVESTED,TOTAL,NOT SPECIFIED,"78,000",
SURVEY,1954,YEAR,,STATE,WISCONSIN,55,,,,,,,00000000,,CORN,"CORN, GRAIN - ACRES HARVESTED",TOTAL,NOT SPECIFIED,"1,571,000",
SURVEY,1954,YEAR,,STATE,WISCONSIN,55,,,,,,,00000000,,CORN,"CORN, SILAGE - ACRES HARVESTED",TOTAL,NOT SPECIFIED,"1,032,000",
SURVEY,1954,YEAR,,STATE,WISCONSIN,55,,,,,,,00000000,,SOYBEANS,SOYBEANS - ACRES HARVESTED,TOTAL,NOT SPECIFIED,"66,000",
SURVEY,1953,YEAR,,STATE,WISCONSIN,55,,,,,,,00000000,,CORN,"CORN, GRAIN - ACRES HARVESTED",TOTAL,NOT SPECIFIED,"1,545,000",
SURVEY,1953,YEAR,,STATE,WISCONSIN,55,,,,,,,00000000,,CORN,"CORN, SILAGE - ACRES HARVESTED",TOTAL,NOT SPECIFIED,"974,000",
SURVEY,1953,YEAR,,STATE,WISCONSIN,55,,,,,,,00000000,,SOYBEANS,SOYBEANS - ACRES HARVESTED,TOTAL,NOT SPECIFIED,"58,000",
SURVEY,1952,YEAR,,STATE,WISCONSIN,55,,,,,,,00000000,,CORN,"CORN, GRAIN - ACRES HARVESTED",TOTAL,NOT SPECIFIED,"1,514,000",
SURVEY,1952,YEAR,,STATE,WISCONSIN,55,,,,,,,00000000,,CORN,"CORN, SILAGE - ACRES HARVESTED",TOTAL,NOT SPECIFIED,"867,000",
SURVEY,1952,YEAR,,STATE,WISCONSIN,55,,,,,,,00000000,,SOYBEANS,SOYBEANS - ACRES HARVESTED,TOTAL,NOT SPECIFIED,"47,000",
SURVEY,1951,YEAR,,STATE,WISCONSIN,55,,,,,,,00000000,,CORN,"CORN, GRAIN - ACRES HARVESTED",TOTAL,NOT SPECIFIED,"1,317,000",
SURVEY,1951,YEAR,,STATE,WISCONSIN,55,,,,,,,00000000,,CORN,"CORN, SILAGE - ACRES HARVESTED",TOTAL,NOT SPECIFIED,"1,032,000",
SURVEY,1951,YEAR,,STATE,WISCONSIN,55,,,,,,,00000000,,SOYBEANS,SOYBEANS - ACRES HARVESTED,TOTAL,NOT SPECIFIED,"42,000",
SURVEY,1950,YEAR,,STATE,WISCONSIN,55,,,,,,,00000000,,CORN,"CORN, GRAIN - ACRES HARVESTED",TOTAL,NOT SPECIFIED,"1,304,000",
SURVEY,1950,YEAR,,STATE,WISCONSIN,55,,,,,,,00000000,,CORN,"CORN, SILAGE - ACRES HARVESTED",TOTAL,NOT SPECIFIED,"1,228,000",
SURVEY,1950,YEAR,,STATE,WISCONSIN,55,,,,,,,00000000,,SOYBEANS,SOYBEANS - ACRES HARVESTED,TOTAL,NOT SPECIFIED,"33,000",
SURVEY,1949,YEAR,,STATE,WISCONSIN,55,,,,,,,00000000,,CORN,"CORN, GRAIN - ACRES HARVESTED",TOTAL,NOT SPECIFIED,"1,516,000",
SURVEY,1949,YEAR,,STATE,WISCONSIN,55,,,,,,,00000000,,CORN,"CORN, SILAGE - ACRES HARVESTED",TOTAL,NOT SPECIFIED,"1,068,000",
SURVEY,1949,YEAR,,STATE,WISCONSIN,55,,,,,,,00000000,,SOYBEANS,SOYBEANS - ACRES HARVESTED,TOTAL,NOT SPECIFIED,"21,000",
SURVEY,1948,YEAR,,STATE,WISCONSIN,55,,,,,,,00000000,,CORN,"CORN, GRAIN - ACRES HARVESTED",TOTAL,NOT SPECIFIED,"1,378,000",
SURVEY,1948,YEAR,,STATE,WISCONSIN,55,,,,,,,00000000,,CORN,"CORN, SILAGE - ACRES HARVESTED",TOTAL,NOT SPECIFIED,"1,187,000",
SURVEY,1948,YEAR,,STATE,WISCONSIN,55,,,,,,,00000000,,SOYBEANS,SOYBEANS - ACRES HARVESTED,TOTAL,NOT SPECIFIED,"22,000",
SURVEY,1947,YEAR,,STATE,WISCONSIN,55,,,,,,,00000000,,CORN,"CORN, GRAIN - ACRES HARVESTED",TOTAL,NOT SPECIFIED,"1,338,000",
SURVEY,1947,YEAR,,STATE,WISCONSIN,55,,,,,,,00000000,,CORN,"CORN, SILAGE - ACRES HARVESTED",TOTAL,NOT SPECIFIED,"1,164,000",
SURVEY,1947,YEAR,,STATE,WISCONSIN,55,,,,,,,00000000,,SOYBEANS,SOYBEANS - ACRES HARVESTED,TOTAL,NOT SPECIFIED,"29,000",
SURVEY,1946,YEAR,,STATE,WISCONSIN,55,,,,,,,00000000,,CORN,"CORN, GRAIN - ACRES HARVESTED",TOTAL,NOT SPECIFIED,"1,299,000",
SURVEY,1946,YEAR,,STATE,WISCONSIN,55,,,,,,,00000000,,CORN,"CORN, SILAGE - ACRES HARVESTED",TOTAL,NOT SPECIFIED,"1,200,000",
SURVEY,1946,YEAR,,STATE,WISCONSIN,55,,,,,,,00000000,,SOYBEANS,SOYBEANS - ACRES HARVESTED,TOTAL,NOT SPECIFIED,"35,000",
SURVEY,1945,YEAR,,STATE,WISCONSIN,55,,,,,,,00000000,,CORN,"CORN, GRAIN - ACRES HARVESTED",TOTAL,NOT SPECIFIED,"1,367,000",
SURVEY,1945,YEAR,,STATE,WISCONSIN,55,,,,,,,00000000,,CORN,"CORN, SILAGE - ACRES HARVESTED",TOTAL,NOT SPECIFIED,"1,250,000",
SURVEY,1945,YEAR,,STATE,WISCONSIN,55,,,,,,,00000000,,SOYBEANS,SOYBEANS - ACRES HARVESTED,TOTAL,NOT SPECIFIED,"39,000",
SURVEY,1944,YEAR,,STATE,WISCONSIN,55,,,,,,,00000000,,CORN,"CORN, GRAIN - ACRES HARVESTED",TOTAL,NOT SPECIFIED,"1,439,000",
SURVEY,1944,YEAR,,STATE,WISCONSIN,55,,,,,,,00000000,,CORN,"CORN, SILAGE - ACRES HARVESTED",TOTAL,NOT SPECIFIED,"1,179,000",
SURVEY,1944,YEAR,,STATE,WISCONSIN,55,,,,,,,00000000,,SOYBEANS,SOYBEANS - ACRES HARVESTED,TOTAL,NOT SPECIFIED,"42,000",
SURVEY,1943,YEAR,,STATE,WISCONSIN,55,,,,,,,00000000,,CORN,"CORN, GRAIN - ACRES HARVESTED",TOTAL,NOT SPECIFIED,"1,302,000",
SURVEY,1943,YEAR,,STATE,WISCONSIN,55,,,,,,,00000000,,CORN,"CORN, SILAGE - ACRES HARVESTED",TOTAL,NOT SPECIFIED,"1,077,000",
SURVEY,1943,YEAR,,STATE,WISCONSIN,55,,,,,,,00000000,,SOYBEANS,SOYBEANS - ACRES HARVESTED,TOTAL,NOT SPECIFIED,"63,000",
SURVEY,1942,YEAR,,STATE,WISCONSIN,55,,,,,,,00000000,,CORN,"CORN, GRAIN - ACRES HARVESTED",TOTAL,NOT SPECIFIED,"1,252,000",
SURVEY,1942,YEAR,,STATE,WISCONSIN,55,,,,,,,00000000,,CORN,"CORN, SILAGE - ACRES HARVESTED",TOTAL,NOT SPECIFIED,"1,060,000",
SURVEY,1942,YEAR,,STATE,WISCONSIN,55,,,,,,,00000000,,SOYBEANS,SOYBEANS - ACRES HARVESTED,TOTAL,NOT SPECIFIED,"60,000",
SURVEY,1941,YEAR,,STATE,WISCONSIN,55,,,,,,,00000000,,CORN,"CORN, GRAIN - ACRES HARVESTED",TOTAL,NOT SPECIFIED,"1,147,000",
SURVEY,1941,YEAR,,STATE,WISCONSIN,55,,,,,,,00000000,,CORN,"CORN, SILAGE - ACRES HARVESTED",TOTAL,NOT SPECIFIED,"1,013,000",
SURVEY,1941,YEAR,,STATE,WISCONSIN,55,,,,,,,00000000,,SOYBEANS,SOYBEANS - ACRES HARVESTED,TOTAL,NOT SPECIFIED,"37,000",
SURVEY,1940,YEAR,,STATE,WISCONSIN,55,,,,,,,00000000,,CORN,"CORN, GRAIN - ACRES HARVESTED",TOTAL,NOT SPECIFIED,"1,113,000",
SURVEY,1940,YEAR,,STATE,WISCONSIN,55,,,,,,,00000000,,CORN,"CORN, SILAGE - ACRES HARVESTED",TOTAL,NOT SPECIFIED,"1,068,000",
SURVEY,1940,YEAR,,STATE,WISCONSIN,55,,,,,,,00000000,,SOYBEANS,SOYBEANS - ACRES HARVESTED,TOTAL,NOT SPECIFIED,"25,000",
SURVEY,1939,YEAR,,STATE,WISCONSIN,55,,,,,,,00000000,,CORN,"CORN, GRAIN - ACRES HARVESTED",TOTAL,NOT SPECIFIED,"1,137,000",
SURVEY,1939,YEAR,,STATE,WISCONSIN,55,,,,,,,00000000,,CORN,"CORN, SILAGE - ACRES HARVESTED",TOTAL,NOT SPECIFIED,"1,027,000",
SURVEY,1939,YEAR,,STATE,WISCONSIN,55,,,,,,,00000000,,SOYBEANS,SOYBEANS - ACRES HARVESTED,TOTAL,NOT SPECIFIED,"11,000",
SURVEY,1938,YEAR,,STATE,WISCONSIN,55,,,,,,,00000000,,CORN,"CORN, GRAIN - ACRES HARVESTED",TOTAL,NOT SPECIFIED,"1,164,000",
SURVEY,1938,YEAR,,STATE,WISCONSIN,55,,,,,,,00000000,,CORN,"CORN, SILAGE - ACRES HARVESTED",TOTAL,NOT SPECIFIED,"1,047,000",
SURVEY,1938,YEAR,,STATE,WISCONSIN,55,,,,,,,00000000,,SOYBEANS,SOYBEANS - ACRES HARVESTED,TOTAL,NOT SPECIFIED,"5,000",
SURVEY,1937,YEAR,,STATE,WISCONSIN,55,,,,,,,00000000,,CORN,"CORN, GRAIN - ACRES HARVESTED",TOTAL,NOT SPECIFIED,"1,042,000",
SURVEY,1937,YEAR,,STATE,WISCONSIN,55,,,,,,,00000000,,CORN,"CORN, SILAGE - ACRES HARVESTED",TOTAL,NOT SPECIFIED,"1,212,000",
SURVEY,1937,YEAR,,STATE,WISCONSIN,55,,,,,,,00000000,,SOYBEANS,SOYBEANS - ACRES HARVESTED,TOTAL,NOT SPECIFIED,"3,000",
SURVEY,1936,YEAR,,STATE,WISCONSIN,55,,,,,,,00000000,,CORN,"CORN, GRAIN - ACRES HARVESTED",TOTAL,NOT SPECIFIED,"661,000",
SURVEY,1936,YEAR,,STATE,WISCONSIN,55,,,,,,,00000000,,CORN,"CORN, SILAGE - ACRES HARVESTED",TOTAL,NOT SPECIFIED,"1,323,000",
SURVEY,1936,YEAR,,STATE,WISCONSIN,55,,,,,,,00000000,,SOYBEANS,SOYBEANS - ACRES HARVESTED,TOTAL,NOT SPECIFIED,"2,000",
SURVEY,1935,YEAR,,STATE,WISCONSIN,55,,,,,,,00000000,,CORN,"CORN, GRAIN - ACRES HARVESTED",TOTAL,NOT SPECIFIED,"1,102,000",
SURVEY,1935,YEAR,,STATE,WISCONSIN,55,,,,,,,00000000,,CORN,"CORN, SILAGE - ACRES HARVESTED",TOTAL,NOT SPECIFIED,"1,149,000",
SURVEY,1935,YEAR,,STATE,WISCONSIN,55,,,,,,,00000000,,SOYBEANS,SOYBEANS - ACRES HARVESTED,TOTAL,NOT SPECIFIED,"2,000",
SURVEY,1934,YEAR,,STATE,WISCONSIN,55,,,,,,,00000000,,CORN,"CORN, GRAIN - ACRES HARVESTED",TOTAL,NOT SPECIFIED,"999,000",
SURVEY,1934,YEAR,,STATE,WISCONSIN,55,,,,,,,00000000,,CORN,"CORN, SILAGE - ACRES HARVESTED",TOTAL,NOT SPECIFIED,"1,223,000",
SURVEY,1934,YEAR,,STATE,WISCONSIN,55,,,,,,,00000000,,SOYBEANS,SOYBEANS - ACRES HARVESTED,TOTAL,NOT SPECIFIED,"2,000",
SURVEY,1933,YEAR,,STATE,WISCONSIN,55,,,,,,,00000000,,CORN,"CORN, GRAIN - ACRES HARVESTED",TOTAL,NOT SPECIFIED,"1,055,000",
SURVEY,1933,YEAR,,STATE,WISCONSIN,55,,,,,,,00000000,,CORN,"CORN, SILAGE - ACRES HARVESTED",TOTAL,NOT SPECIFIED,"1,128,000",
SURVEY,1933,YEAR,,STATE,WISCONSIN,55,,,,,,,00000000,,SOYBEANS,SOYBEANS - ACRES HARVESTED,TOTAL,NOT SPECIFIED,"3,000",
SURVEY,1932,YEAR,,STATE,WISCONSIN,55,,,,,,,00000000,,CORN,"CORN, GRAIN - ACRES HARVESTED",TOTAL,NOT SPECIFIED,"1,000,000",
SURVEY,1932,YEAR,,STATE,WISCONSIN,55,,,,,,,00000000,,CORN,"CORN, SILAGE - ACRES HARVESTED",TOTAL,NOT SPECIFIED,"1,086,000",
SURVEY,1932,YEAR,,STATE,WISCONSIN,55,,,,,,,00000000,,SOYBEANS,SOYBEANS - ACRES HARVESTED,TOTAL,NOT SPECIFIED,"3,000",
SURVEY,1931,YEAR,,STATE,WISCONSIN,55,,,,,,,00000000,,CORN,"CORN, GRAIN - ACRES HARVESTED",TOTAL,NOT SPECIFIED,"751,000",
SURVEY,1931,YEAR,,STATE,WISCONSIN,55,,,,,,,00000000,,CORN,"CORN, SILAGE - ACRES HARVESTED",TOTAL,NOT SPECIFIED,"1,157,000",
SURVEY,1931,YEAR,,STATE,WISCONSIN,55,,,,,,,00000000,,SOYBEANS,SOYBEANS - ACRES HARVESTED,TOTAL,NOT SPECIFIED,"2,000",
SURVEY,1930,YEAR,,STATE,WISCONSIN,55,,,,,,,00000000,,CORN,"CORN, GRAIN - ACRES HARVESTED",TOTAL,NOT SPECIFIED,"666,000",
SURVEY,1930,YEAR,,STATE,WISCONSIN,55,,,,,,,00000000,,CORN,"CORN, SILAGE - ACRES HARVESTED",TOTAL,NOT SPECIFIED,"1,094,000",
SURVEY,1930,YEAR,,STATE,WISCONSIN,55,,,,,,,00000000,,SOYBEANS,SOYBEANS - ACRES HARVESTED,TOTAL,NOT SPECIFIED,"2,000",
SURVEY,1929,YEAR,,STATE,WISCONSIN,55,,,,,,,00000000,,CORN,"CORN, GRAIN - ACRES HARVESTED",TOTAL,NOT SPECIFIED,"716,000",
SURVEY,1929,YEAR,,STATE,WISCONSIN,55,,,,,,,00000000,,CORN,"CORN, SILAGE - ACRES HARVESTED",TOTAL,NOT SPECIFIED,"974,000",
SURVEY,1929,YEAR,,STATE,WISCONSIN,55,,,,,,,00000000,,SOYBEANS,SOYBEANS - ACRES HARVESTED,TOTAL,NOT SPECIFIED,"2,000",
SURVEY,1928,YEAR,,STATE,WISCONSIN,55,,,,,,,00000000,,CORN,"CORN, GRAIN - ACRES HARVESTED",TOTAL,NOT SPECIFIED,"691,000",
SURVEY,1928,YEAR,,STATE,WISCONSIN,55,,,,,,,00000000,,CORN,"CORN, SILAGE - ACRES HARVESTED",TOTAL,NOT SPECIFIED,"1,031,000",
SURVEY,1928,YEAR,,STATE,WISCONSIN,55,,,,,,,00000000,,SOYBEANS,SOYBEANS - ACRES HARVESTED,TOTAL,NOT SPECIFIED,"2,000",
SURVEY,1927,YEAR,,STATE,WISCONSIN,55,,,,,,,00000000,,CORN,"CORN, GRAIN - ACRES HARVESTED",TOTAL,NOT SPECIFIED,"478,000",
SURVEY,1927,YEAR,,STATE,WISCONSIN,55,,,,,,,00000000,,CORN,"CORN, SILAGE - ACRES HARVESTED",TOTAL,NOT SPECIFIED,"1,177,000",
SURVEY,1927,YEAR,,STATE,WISCONSIN,55,,,,,,,00000000,,SOYBEANS,SOYBEANS - ACRES HARVESTED,TOTAL,NOT SPECIFIED,"1,000",
SURVEY,1926,YEAR,,STATE,WISCONSIN,55,,,,,,,00000000,,CORN,"CORN, GRAIN - ACRES HARVESTED",TOTAL,NOT SPECIFIED,"639,000",
SURVEY,1926,YEAR,,STATE,WISCONSIN,55,,,,,,,00000000,,CORN,"CORN, SILAGE - ACRES HARVESTED",TOTAL,NOT SPECIFIED,"1,052,000",
SURVEY,1926,YEAR,,STATE,WISCONSIN,55,,,,,,,00000000,,SOYBEANS,SOYBEANS - ACRES HARVESTED,TOTAL,NOT SPECIFIED,"3,000",
SURVEY,1925,YEAR,,STATE,WISCONSIN,55,,,,,,,00000000,,CORN,"CORN, GRAIN - ACRES HARVESTED",TOTAL,NOT SPECIFIED,"936,000",
SURVEY,1925,YEAR,,STATE,WISCONSIN,55,,,,,,,00000000,,CORN,"CORN, SILAGE - ACRES HARVESTED",TOTAL,NOT SPECIFIED,"890,000",
SURVEY,1925,YEAR,,STATE,WISCONSIN,55,,,,,,,00000000,,SOYBEANS,SOYBEANS - ACRES HARVESTED,TOTAL,NOT SPECIFIED,"2,000",
SURVEY,1924,YEAR,,STATE,WISCONSIN,55,,,,,,,00000000,,CORN,"CORN, GRAIN - ACRES HARVESTED",TOTAL,NOT SPECIFIED,"590,000",
SURVEY,1924,YEAR,,STATE,WISCONSIN,55,,,,,,,00000000,,CORN,"CORN, SILAGE - ACRES HARVESTED",TOTAL,NOT SPECIFIED,"1,095,000",
SURVEY,1924,YEAR,,STATE,WISCONSIN,55,,,,,,,00000000,,SOYBEANS,SOYBEANS - ACRES HARVESTED,TOTAL,NOT SPECIFIED,"3,000",
SURVEY,1923,YEAR,,STATE,WISCONSIN,55,,,,,,,00000000,,CORN,"CORN, GRAIN - ACRES HARVESTED",TOTAL,NOT SPECIFIED,"945,000",
SURVEY,1923,YEAR,,STATE,WISCONSIN,55,,,,,,,00000000,,CORN,"CORN, SILAGE - ACRES HARVESTED",TOTAL,NOT SPECIFIED,"960,000",
SURVEY,1922,YEAR,,STATE,WISCONSIN,55,,,,,,,00000000,,CORN,"CORN, GRAIN - ACRES HARVESTED",TOTAL,NOT SPECIFIED,"951,000",
SURVEY,1922,YEAR,,STATE,WISCONSIN,55,,,,,,,00000000,,CORN,"CORN, SILAGE - ACRES HARVESTED",TOTAL,NOT SPECIFIED,"776,000",
SURVEY,1921,YEAR,,STATE,WISCONSIN,55,,,,,,,00000000,,CORN,"CORN, GRAIN - ACRES HARVESTED",TOTAL,NOT SPECIFIED,"1,212,000",
SURVEY,1921,YEAR,,STATE,WISCONSIN,55,,,,,,,00000000,,CORN,"CORN, SILAGE - ACRES HARVESTED",TOTAL,NOT SPECIFIED,"650,000",
SURVEY,1920,YEAR,,STATE,WISCONSIN,55,,,,,,,00000000,,CORN,"CORN, GRAIN - ACRES HARVESTED",TOTAL,NOT SPECIFIED,"1,204,000",
SURVEY,1920,YEAR,,STATE,WISCONSIN,55,,,,,,,00000000,,CORN,"CORN, SILAGE - ACRES HARVESTED",TOTAL,NOT SPECIFIED,"678,000",
SURVEY,1919,YEAR,,STATE,WISCONSIN,55,,,,,,,00000000,,CORN,"CORN, GRAIN - ACRES HARVESTED",TOTAL,NOT SPECIFIED,"1,151,000",
SURVEY,1919,YEAR,,STATE,WISCONSIN,55,,,,,,,00000000,,CORN,"CORN, SILAGE - ACRES HARVESTED",TOTAL,NOT SPECIFIED,"650,000",
SURVEY,1918,YEAR,,STATE,WISCONSIN,55,,,,,,,00000000,,CORN,"CORN, GRAIN - ACRES HARVESTED",TOTAL,NOT SPECIFIED,"1,885,000",
SURVEY,1917,YEAR,,STATE,WISCONSIN,55,,,,,,,00000000,,CORN,"CORN, GRAIN - ACRES HARVESTED",TOTAL,NOT SPECIFIED,"1,950,000",
SURVEY,1916,YEAR,,STATE,WISCONSIN,55,,,,,,,00000000,,CORN,"CORN, GRAIN - ACRES HARVESTED",TOTAL,NOT SPECIFIED,"1,720,000",
SURVEY,1915,YEAR,,STATE,WISCONSIN,55,,,,,,,00000000,,CORN,"CORN, GRAIN - ACRES HARVESTED",TOTAL,NOT SPECIFIED,"1,800,000",
SURVEY,1914,YEAR,,STATE,WISCONSIN,55,,,,,,,00000000,,CORN,"CORN, GRAIN - ACRES HARVESTED",TOTAL,NOT SPECIFIED,"1,760,000",
SURVEY,1913,YEAR,,STATE,WISCONSIN,55,,,,,,,00000000,,CORN,"CORN, GRAIN - ACRES HARVESTED",TOTAL,NOT SPECIFIED,"1,710,000",
SURVEY,1912,YEAR,,STATE,WISCONSIN,55,,,,,,,00000000,,CORN,"CORN, GRAIN - ACRES HARVESTED",TOTAL,NOT SPECIFIED,"1,710,000",
SURVEY,1911,YEAR,,STATE,WISCONSIN,55,,,,,,,00000000,,CORN,"CORN, GRAIN - ACRES HARVESTED",TOTAL,NOT SPECIFIED,"1,680,000",
SURVEY,1910,YEAR,,STATE,WISCONSIN,55,,,,,,,00000000,,CORN,"CORN, GRAIN - ACRES HARVESTED",TOTAL,NOT SPECIFIED,"1,600,000",
SURVEY,1909,YEAR,,STATE,WISCONSIN,55,,,,,,,00000000,,CORN,"CORN, GRAIN - ACRES HARVESTED",TOTAL,NOT SPECIFIED,"1,570,000",
SURVEY,1908,YEAR,,STATE,WISCONSIN,55,,,,,,,00000000,,CORN,"CORN, GRAIN - ACRES HARVESTED",TOTAL,NOT SPECIFIED,"1,520,000",
SURVEY,1907,YEAR,,STATE,WISCONSIN,55,,,,,,,00000000,,CORN,"CORN, GRAIN - ACRES HARVESTED",TOTAL,NOT SPECIFIED,"1,520,000",
SURVEY,1906,YEAR,,STATE,WISCONSIN,55,,,,,,,00000000,,CORN,"CORN, GRAIN - ACRES HARVESTED",TOTAL,NOT SPECIFIED,"1,535,000",
SURVEY,1905,YEAR,,STATE,WISCONSIN,55,,,,,,,00000000,,CORN,"CORN, GRAIN - ACRES HARVESTED",TOTAL,NOT SPECIFIED,"1,565,000",
SURVEY,1904,YEAR,,STATE,WISCONSIN,55,,,,,,,00000000,,CORN,"CORN, GRAIN - ACRES HARVESTED",TOTAL,NOT SPECIFIED,"1,630,000",
SURVEY,1903,YEAR,,STATE,WISCONSIN,55,,,,,,,00000000,,CORN,"CORN, GRAIN - ACRES HARVESTED",TOTAL,NOT SPECIFIED,"1,650,000",
SURVEY,1902,YEAR,,STATE,WISCONSIN,55,,,,,,,00000000,,CORN,"CORN, GRAIN - ACRES HARVESTED",TOTAL,NOT SPECIFIED,"1,680,000",
SURVEY,1901,YEAR,,STATE,WISCONSIN,55,,,,,,,00000000,,CORN,"CORN, GRAIN - ACRES HARVESTED",TOTAL,NOT SPECIFIED,"1,630,000",
SURVEY,1900,YEAR,,STATE,WISCONSIN,55,,,,,,,00000000,,CORN,"CORN, GRAIN - ACRES HARVESTED",TOTAL,NOT SPECIFIED,"1,575,000",
SURVEY,1899,YEAR,,STATE,WISCONSIN,55,,,,,,,00000000,,CORN,"CORN, GRAIN - ACRES HARVESTED",TOTAL,NOT SPECIFIED,"1,558,000",
SURVEY,1898,YEAR,,STATE,WISCONSIN,55,,,,,,,00000000,,CORN,"CORN, GRAIN - ACRES HARVESTED",TOTAL,NOT SPECIFIED,"1,400,000",
SURVEY,1897,YEAR,,STATE,WISCONSIN,55,,,,,,,00000000,,CORN,"CORN, GRAIN - ACRES HARVESTED",TOTAL,NOT SPECIFIED,"1,560,000",
SURVEY,1896,YEAR,,STATE,WISCONSIN,55,,,,,,,00000000,,CORN,"CORN, GRAIN - ACRES HARVESTED",TOTAL,NOT SPECIFIED,"1,440,000",
SURVEY,1895,YEAR,,STATE,WISCONSIN,55,,,,,,,00000000,,CORN,"CORN, GRAIN - ACRES HARVESTED",TOTAL,NOT SPECIFIED,"1,380,000",
SURVEY,1894,YEAR,,STATE,WISCONSIN,55,,,,,,,00000000,,CORN,"CORN, GRAIN - ACRES HARVESTED",TOTAL,NOT SPECIFIED,"1,320,000",
SURVEY,1893,YEAR,,STATE,WISCONSIN,55,,,,,,,00000000,,CORN,"CORN, GRAIN - ACRES HARVESTED",TOTAL,NOT SPECIFIED,"1,225,000",
SURVEY,1892,YEAR,,STATE,WISCONSIN,55,,,,,,,00000000,,CORN,"CORN, GRAIN - ACRES HARVESTED",TOTAL,NOT SPECIFIED,"1,215,000",
SURVEY,1891,YEAR,,STATE,WISCONSIN,55,,,,,,,00000000,,CORN,"CORN, GRAIN - ACRES HARVESTED",TOTAL,NOT SPECIFIED,"1,215,000",
SURVEY,1890,YEAR,,STATE,WISCONSIN,55,,,,,,,00000000,,CORN,"CORN, GRAIN - ACRES HARVESTED",TOTAL,NOT SPECIFIED,"1,200,000",
SURVEY,1889,YEAR,,STATE,WISCONSIN,55,,,,,,,00000000,,CORN,"CORN, GRAIN - ACRES HARVESTED",TOTAL,NOT SPECIFIED,"1,190,000",
SURVEY,1888,YEAR,,STATE,WISCONSIN,55,,,,,,,00000000,,CORN,"CORN, GRAIN - ACRES HARVESTED",TOTAL,NOT SPECIFIED,"1,177,000",
SURVEY,1887,YEAR,,STATE,WISCONSIN,55,,,,,,,00000000,,CORN,"CORN, GRAIN - ACRES HARVESTED",TOTAL,NOT SPECIFIED,"1,020,000",
SURVEY,1886,YEAR,,STATE,WISCONSIN,55,,,,,,,00000000,,CORN,"CORN, GRAIN - ACRES HARVESTED",TOTAL,NOT SPECIFIED,"1,110,000",
SURVEY,1885,YEAR,,STATE,WISCONSIN,55,,,,,,,00000000,,CORN,"CORN, GRAIN - ACRES HARVESTED",TOTAL,NOT SPECIFIED,"1,088,000",
SURVEY,1884,YEAR,,STATE,WISCONSIN,55,,,,,,,00000000,,CORN,"CORN, GRAIN - ACRES HARVESTED",TOTAL,NOT SPECIFIED,"1,067,000",
SURVEY,1883,YEAR,,STATE,WISCONSIN,55,,,,,,,00000000,,CORN,"CORN, GRAIN - ACRES HARVESTED",TOTAL,NOT SPECIFIED,"1,123,000",
SURVEY,1882,YEAR,,STATE,WISCONSIN,55,,,,,,,00000000,,CORN,"CORN, GRAIN - ACRES HARVESTED",TOTAL,NOT SPECIFIED,"1,117,000",
SURVEY,1881,YEAR,,STATE,WISCONSIN,55,,,,,,,00000000,,CORN,"CORN, GRAIN - ACRES HARVESTED",TOTAL,NOT SPECIFIED,"1,054,000",
SURVEY,1880,YEAR,,STATE,WISCONSIN,55,,,,,,,00000000,,CORN,"CORN, GRAIN - ACRES HARVESTED",TOTAL,NOT SPECIFIED,"1,023,000",
SURVEY,1879,YEAR,,STATE,WISCONSIN,55,,,,,,,00000000,,CORN,"CORN, GRAIN - ACRES HARVESTED",TOTAL,NOT SPECIFIED,"1,015,000",
SURVEY,1878,YEAR,,STATE,WISCONSIN,55,,,,,,,00000000,,CORN,"CORN, GRAIN - ACRES HARVESTED",TOTAL,NOT SPECIFIED,"985,000",
SURVEY,1877,YEAR,,STATE,WISCONSIN,55,,,,,,,00000000,,CORN,"CORN, GRAIN - ACRES HARVESTED",TOTAL,NOT SPECIFIED,"1,025,000",
SURVEY,1876,YEAR,,STATE,WISCONSIN,55,,,,,,,00000000,,CORN,"CORN, GRAIN - ACRES HARVESTED",TOTAL,NOT SPECIFIED,"965,000",
SURVEY,1875,YEAR,,STATE,WISCONSIN,55,,,,,,,00000000,,CORN,"CORN, GRAIN - ACRES HARVESTED",TOTAL,NOT SPECIFIED,"880,000",
SURVEY,1874,YEAR,,STATE,WISCONSIN,55,,,,,,,00000000,,CORN,"CORN, GRAIN - ACRES HARVESTED",TOTAL,NOT SPECIFIED,"765,000",
SURVEY,1873,YEAR,,STATE,WISCONSIN,55,,,,,,,00000000,,CORN,"CORN, GRAIN - ACRES HARVESTED",TOTAL,NOT SPECIFIED,"755,000",
SURVEY,1872,YEAR,,STATE,WISCONSIN,55,,,,,,,00000000,,CORN,"CORN, GRAIN - ACRES HARVESTED",TOTAL,NOT SPECIFIED,"735,000",
SURVEY,1871,YEAR,,STATE,WISCONSIN,55,,,,,,,00000000,,CORN,"CORN, GRAIN - ACRES HARVESTED",TOTAL,NOT SPECIFIED,"725,000",
SURVEY,1870,YEAR,,STATE,WISCONSIN,55,,,,,,,00000000,,CORN,"CORN, GRAIN - ACRES HARVESTED",TOTAL,NOT SPECIFIED,"660,000",
SURVEY,1869,YEAR,,STATE,WISCONSIN,55,,,,,,,00000000,,CORN,"CORN, GRAIN - ACRES HARVESTED",TOTAL,NOT SPECIFIED,"575,000",
SURVEY,1868,YEAR,,STATE,WISCONSIN,55,,,,,,,00000000,,CORN,"CORN, GRAIN - ACRES HARVESTED",TOTAL,NOT SPECIFIED,"565,000",
SURVEY,1867,YEAR,,STATE,WISCONSIN,55,,,,,,,00000000,,CORN,"CORN, GRAIN - ACRES HARVESTED",TOTAL,NOT SPECIFIED,"510,000",
SURVEY,1866,YEAR,,STATE,WISCONSIN,55,,,,,,,00000000,,CORN,"CORN, GRAIN - ACRES HARVESTED",TOTAL,NOT SPECIFIED,"500,000",
